game_id,season,week,franchise_id,opponent_id,franchise_score,opponent_score,score_diff,franchise_elo_pregame,opponent_elo_pregame,elo_shift,franchise_elo_postgame
2023100240023,2023,1,0023,0024,277.14,270.4,6.74,1723,1727,20,1757
2023100190022,2023,1,0022,0019,203.34,170.56,32.78,1675,1703,23,1688
2023100340010,2023,1,0010,0034,193.48,227.46,-33.98,1673,1697,-13,1647
2023100050033,2023,1,0033,0005,199.42,222.66,-23.24,1673,1676,-15,1674
2023100020027,2023,1,0027,0002,159.7,183.98,-24.28,1585,1626,-13,1565
2023100010018,2023,1,0018,0001,224.22,210.49,13.73,1562,1564,21,1612
2023100110007,2023,1,0007,0011,215.48,282.63,-67.15,1671,1740,-10,1647
2023100120003,2023,1,0003,0012,165.79,221.3,-55.51,1637,1697,-11,1614
2023100090008,2023,1,0008,0009,175,147.47,27.53,1564,1559,21,1572
2023100150036,2023,1,0036,0015,242.04,201.37,40.67,1770,1775,22,1807
2023100260006,2023,1,0006,0026,176.54,197.1,-20.56,1693,1759,-12,1672
2023100160031,2023,1,0031,0016,208.22,181.76,26.46,1523,1621,26,1575
2023100210004,2023,1,0004,0021,183.96,235.9,-51.94,1689,1733,-12,1691
2023100280013,2023,1,0013,0028,184.68,192.5,-7.82,1658,1618,-18,1631
2023100320025,2023,1,0025,0032,186.56,0,186.56,1499,1600,29,1524
2023100170030,2023,1,0030,0017,209.94,223.94,-14,1709,1807,-10,1716
2023100140029,2023,1,0029,0014,237.7,202.99,34.71,1603,1636,23,1652
2023100200035,2023,1,0035,0020,165.93,128.07,37.86,1435,1537,27,1456
2023100240027,2023,1,0027,0024,159.7,270.4,-110.7,1585,1727,-7,1565
2023100230001,2023,1,0001,0023,210.49,277.14,-66.65,1564,1723,-6,1543
2023100190018,2023,1,0018,0019,224.22,170.56,53.66,1562,1703,29,1612
2023100220011,2023,1,0011,0022,282.63,203.34,79.29,1740,1675,19,1778
2023100340007,2023,1,0007,0034,215.48,227.46,-11.98,1671,1697,-14,1647
2023100100012,2023,1,0012,0010,221.3,193.48,27.82,1697,1673,20,1736
2023100050003,2023,1,0003,0005,165.79,222.66,-56.87,1637,1676,-12,1614
2023100330009,2023,1,0009,0033,147.47,199.42,-51.95,1559,1673,-9,1536
2023100020008,2023,1,0008,0002,175,183.98,-8.98,1564,1626,-13,1572
2023100150013,2023,1,0013,0015,184.68,201.37,-16.69,1658,1775,-9,1631
2023100360032,2023,1,0032,0036,0,242.04,-242.04,1600,1770,-5,1577
2023100260025,2023,1,0025,0026,186.56,197.1,-10.54,1499,1759,-4,1524
2023100060017,2023,1,0017,0006,223.94,176.54,47.4,1807,1693,16,1839
2023100160030,2023,1,0030,0016,209.94,181.76,28.18,1709,1621,17,1716
2023100310014,2023,1,0014,0031,202.99,208.22,-5.23,1636,1523,-22,1598
2023100210029,2023,1,0029,0021,237.7,235.9,1.8,1603,1733,26,1652
2023100040020,2023,1,0020,0004,128.07,183.96,-55.89,1537,1689,-7,1511
2023100280035,2023,1,0035,0028,165.93,192.5,-26.57,1435,1618,-6,1456
2023100240023,2023,1,0024,0023,270.4,277.14,-6.74,1727,1723,-16,1726
2023100190022,2023,1,0019,0022,170.56,203.34,-32.78,1703,1675,-16,1666
2023100340010,2023,1,0034,0010,227.46,193.48,33.98,1697,1673,20,1736
2023100050033,2023,1,0005,0033,222.66,199.42,23.24,1676,1673,21,1717
2023100020027,2023,1,0002,0027,183.98,159.7,24.28,1626,1585,19,1662
2023100010018,2023,1,0001,0018,210.49,224.22,-13.73,1564,1562,-15,1543
2023100110007,2023,1,0011,0007,282.63,215.48,67.15,1740,1671,19,1778
2023100120003,2023,1,0012,0003,221.3,165.79,55.51,1697,1637,19,1736
2023100090008,2023,1,0009,0008,147.47,175,-27.53,1559,1564,-14,1536
2023100150036,2023,1,0015,0036,201.37,242.04,-40.67,1775,1770,-15,1775
2023100260006,2023,1,0026,0006,197.1,176.54,20.56,1759,1693,18,1786
2023100160031,2023,1,0016,0031,181.76,208.22,-26.46,1621,1523,-19,1592
2023100210004,2023,1,0021,0004,235.9,183.96,51.94,1733,1689,20,1730
2023100280013,2023,1,0028,0013,192.5,184.68,7.82,1618,1658,22,1652
2023100320025,2023,1,0032,0025,0,186.56,-186.56,1600,1499,-18,1577
2023100170030,2023,1,0017,0030,223.94,209.94,14,1807,1709,16,1839
2023100140029,2023,1,0014,0029,202.99,237.7,-34.71,1636,1603,-16,1598
2023100200035,2023,1,0020,0035,128.07,165.93,-37.86,1537,1435,-19,1511
2023100240027,2023,1,0024,0027,270.4,159.7,110.7,1727,1585,15,1726
2023100230001,2023,1,0023,0001,277.14,210.49,66.65,1723,1564,14,1757
2023100190018,2023,1,0019,0018,170.56,224.22,-53.66,1703,1562,-21,1666
2023100220011,2023,1,0022,0011,203.34,282.63,-79.29,1675,1740,-10,1688
2023100340007,2023,1,0034,0007,227.46,215.48,11.98,1697,1671,19,1736
2023100100012,2023,1,0010,0012,193.48,221.3,-27.82,1673,1697,-13,1647
2023100050003,2023,1,0005,0003,222.66,165.79,56.87,1676,1637,20,1717
2023100330009,2023,1,0033,0009,199.42,147.47,51.95,1673,1559,16,1674
2023100020008,2023,1,0002,0008,183.98,175,8.98,1626,1564,17,1662
2023100150013,2023,1,0015,0013,201.37,184.68,16.69,1775,1658,15,1775
2023100360032,2023,1,0036,0032,242.04,0,242.04,1770,1600,15,1807
2023100260025,2023,1,0026,0025,197.1,186.56,10.54,1759,1499,9,1786
2023100060017,2023,1,0006,0017,176.54,223.94,-47.4,1693,1807,-9,1672
2023100160030,2023,1,0016,0030,181.76,209.94,-28.18,1621,1709,-10,1592
2023100310014,2023,1,0031,0014,208.22,202.99,5.23,1523,1636,26,1575
2023100210029,2023,1,0021,0029,235.9,237.7,-1.8,1733,1603,-23,1730
2023100040020,2023,1,0004,0020,183.96,128.07,55.89,1689,1537,14,1691
2023100280035,2023,1,0028,0035,192.5,165.93,26.57,1618,1435,12,1652
2023200240019,2023,2,0019,0024,241.72,276.29,-34.57,1666,1726,-11,1670
2023200230034,2023,2,0034,0023,262.55,257.1,5.45,1736,1757,21,1741
2023200220010,2023,2,0010,0022,259.48,215.4,44.08,1647,1688,24,1700
2023200050002,2023,2,0002,0005,247.77,234.58,13.19,1662,1717,24,1705
2023200330001,2023,2,0001,0033,182.2,227.22,-45.02,1543,1674,-8,1530
2023200270018,2023,2,0018,0027,218.14,234.8,-16.66,1612,1565,-17,1588
2023200110012,2023,2,0012,0011,268.69,198.88,69.81,1736,1778,25,1781
2023200070009,2023,2,0009,0007,212.64,265.58,-52.94,1536,1647,-9,1521
2023200030008,2023,2,0008,0003,224.2,222.96,1.24,1572,1614,21,1581
2023200150026,2023,2,0026,0015,207.02,225.7,-18.68,1786,1775,-16,1748
2023200360016,2023,2,0016,0036,264.58,254.32,10.26,1592,1807,31,1645
2023200060031,2023,2,0031,0006,241.03,242.45,-1.42,1575,1672,-12,1596
2023200210028,2023,2,0028,0021,225.07,264.97,-39.9,1652,1730,-10,1628
2023200040032,2023,2,0032,0004,216.46,221.08,-4.62,1577,1691,-11,1559
2023200130025,2023,2,0025,0013,226.45,228.56,-2.11,1524,1631,-12,1509
2023200170014,2023,2,0014,0017,216.85,227.04,-10.19,1598,1839,-5,1579
2023200300020,2023,2,0020,0030,206.9,203.39,3.51,1511,1716,29,1536
2023200290035,2023,2,0035,0029,198.74,265.82,-67.08,1456,1652,-5,1446
2023200240001,2023,2,0001,0024,182.2,276.29,-94.09,1543,1726,-5,1530
2023200230018,2023,2,0018,0023,218.14,257.1,-38.96,1612,1757,-7,1588
2023200190027,2023,2,0027,0019,234.8,241.72,-6.92,1565,1666,-11,1577
2023200220007,2023,2,0007,0022,265.58,215.4,50.18,1647,1688,24,1687
2023200340012,2023,2,0012,0034,268.69,262.55,6.14,1736,1736,20,1781
2023200100011,2023,2,0011,0010,198.88,259.48,-60.6,1778,1647,-20,1742
2023200050009,2023,2,0009,0005,212.64,234.58,-21.94,1536,1717,-6,1521
2023200330008,2023,2,0008,0033,224.2,227.22,-3.02,1572,1674,-12,1581
2023200020003,2023,2,0003,0002,222.96,247.77,-24.81,1614,1662,-12,1583
2023200150032,2023,2,0032,0015,216.46,225.7,-9.24,1577,1775,-7,1559
2023200360025,2023,2,0025,0036,226.45,254.32,-27.87,1524,1807,-3,1509
2023200260013,2023,2,0013,0026,228.56,207.02,21.54,1631,1786,29,1674
2023200060030,2023,2,0030,0006,203.39,242.45,-39.06,1716,1672,-17,1673
2023200160014,2023,2,0014,0016,216.85,264.58,-47.73,1598,1592,-14,1579
2023200310017,2023,2,0017,0031,227.04,241.03,-13.99,1839,1575,-26,1822
2023200210020,2023,2,0020,0021,206.9,264.97,-58.07,1511,1730,-4,1536
2023200040035,2023,2,0035,0004,198.74,221.08,-22.34,1456,1691,-5,1446
2023200280029,2023,2,0029,0028,265.82,225.07,40.75,1652,1652,22,1687
2023200240019,2023,2,0024,0019,276.29,241.72,34.57,1726,1666,18,1758
2023200230034,2023,2,0023,0034,257.1,262.55,-5.45,1757,1736,-17,1754
2023200220010,2023,2,0022,0010,215.4,259.48,-44.08,1688,1647,-16,1656
2023200050002,2023,2,0005,0002,234.58,247.77,-13.19,1717,1662,-18,1711
2023200330001,2023,2,0033,0001,227.22,182.2,45.02,1674,1543,15,1703
2023200270018,2023,2,0027,0018,234.8,218.14,16.66,1565,1612,23,1577
2023200110012,2023,2,0011,0012,198.88,268.69,-69.81,1778,1736,-16,1742
2023200070009,2023,2,0007,0009,265.58,212.64,52.94,1647,1536,16,1687
2023200030008,2023,2,0003,0008,222.96,224.2,-1.24,1614,1572,-19,1583
2023200150026,2023,2,0015,0026,225.7,207.02,18.68,1775,1786,22,1808
2023200360016,2023,2,0036,0016,254.32,264.58,-10.26,1807,1592,-25,1791
2023200060031,2023,2,0006,0031,242.45,241.03,1.42,1672,1575,14,1710
2023200210028,2023,2,0021,0028,264.97,225.07,39.9,1730,1652,18,1760
2023200040032,2023,2,0004,0032,221.08,216.46,4.62,1691,1577,14,1715
2023200130025,2023,2,0013,0025,228.56,226.45,2.11,1631,1524,14,1674
2023200170014,2023,2,0017,0014,227.04,216.85,10.19,1839,1598,9,1822
2023200300020,2023,2,0030,0020,203.39,206.9,-3.51,1716,1511,-26,1673
2023200290035,2023,2,0029,0035,265.82,198.74,67.08,1652,1456,13,1687
2023200240001,2023,2,0024,0001,276.29,182.2,94.09,1726,1543,14,1758
2023200230018,2023,2,0023,0018,257.1,218.14,38.96,1757,1612,14,1754
2023200190027,2023,2,0019,0027,241.72,234.8,6.92,1666,1565,15,1670
2023200220007,2023,2,0022,0007,215.4,265.58,-50.18,1688,1647,-16,1656
2023200340012,2023,2,0034,0012,262.55,268.69,-6.14,1736,1736,-16,1741
2023200100011,2023,2,0010,0011,259.48,198.88,60.6,1647,1778,29,1700
2023200050009,2023,2,0005,0009,234.58,212.64,21.94,1717,1536,12,1711
2023200330008,2023,2,0033,0008,227.22,224.2,3.02,1674,1572,14,1703
2023200020003,2023,2,0002,0003,247.77,222.96,24.81,1662,1614,19,1705
2023200150032,2023,2,0015,0032,225.7,216.46,9.24,1775,1577,11,1808
2023200360025,2023,2,0036,0025,254.32,226.45,27.87,1807,1524,9,1791
2023200260013,2023,2,0026,0013,207.02,228.56,-21.54,1786,1631,-22,1748
2023200060030,2023,2,0006,0030,242.45,203.39,39.06,1672,1716,24,1710
2023200160014,2023,2,0016,0014,264.58,216.85,47.73,1592,1598,22,1645
2023200310017,2023,2,0031,0017,241.03,227.04,13.99,1575,1839,33,1596
2023200210020,2023,2,0021,0020,264.97,206.9,58.07,1730,1511,12,1760
2023200040035,2023,2,0004,0035,221.08,198.74,22.34,1691,1456,10,1715
2023200280029,2023,2,0028,0029,225.07,265.82,-40.75,1652,1652,-14,1628
2023300240022,2023,3,0022,0024,236.18,288.5,-52.32,1656,1758,-9,1639
2023300230010,2023,3,0010,0023,187.36,260.23,-72.87,1700,1754,-11,1674
2023300190034,2023,3,0034,0019,247.7,238.68,9.02,1741,1670,17,1741
2023300050027,2023,3,0027,0005,192.23,239.28,-47.05,1577,1711,-8,1563
2023300330018,2023,3,0018,0033,239.6,175.76,63.84,1588,1703,28,1610
2023300020001,2023,3,0001,0002,232.86,250.19,-17.33,1530,1705,-7,1514
2023300110003,2023,3,0003,0011,199.07,250.56,-51.49,1583,1742,-7,1603
2023300070008,2023,3,0008,0007,217.82,244.26,-26.44,1581,1687,-10,1562
2023300120009,2023,3,0009,0012,236.11,326.02,-89.91,1521,1781,-3,1511
2023300150006,2023,3,0006,0015,278.93,244.06,34.87,1710,1808,27,1753
2023300360031,2023,3,0031,0036,183.89,190.76,-6.87,1596,1791,-7,1579
2023300260016,2023,3,0016,0026,239.18,189.38,49.8,1645,1748,27,1666
2023300210013,2023,3,0013,0021,286.42,226.78,59.64,1674,1760,27,1730
2023300040025,2023,3,0025,0004,194.61,310.94,-116.33,1509,1715,-4,1503
2023300280032,2023,3,0032,0028,204.52,197.68,6.84,1559,1628,24,1613
2023300170029,2023,3,0029,0017,182.22,270.31,-88.09,1687,1822,-7,1668
2023300300035,2023,3,0035,0030,197.45,265.61,-68.16,1446,1673,-4,1440
2023300140020,2023,3,0020,0014,249.56,194.6,54.96,1536,1579,24,1587
2023300240018,2023,3,0018,0024,239.6,288.5,-48.9,1588,1758,-6,1610
2023300230027,2023,3,0027,0023,192.23,260.23,-68,1577,1754,-6,1563
2023300190001,2023,3,0001,0019,232.86,238.68,-5.82,1530,1670,-9,1514
2023300220012,2023,3,0012,0022,326.02,236.18,89.84,1781,1656,16,1808
2023300340011,2023,3,0011,0034,250.56,247.7,2.86,1742,1741,19,1775
2023300100007,2023,3,0007,0010,244.26,187.36,56.9,1687,1700,23,1726
2023300050008,2023,3,0008,0005,217.82,239.28,-21.46,1581,1711,-9,1562
2023300330003,2023,3,0003,0033,199.07,175.76,23.31,1583,1703,27,1603
2023300020009,2023,3,0009,0002,236.11,250.19,-14.08,1521,1705,-7,1511
2023300150025,2023,3,0025,0015,194.61,244.06,-49.45,1509,1808,-2,1503
2023300360013,2023,3,0013,0036,286.42,190.76,95.66,1674,1791,29,1730
2023300260032,2023,3,0032,0026,204.52,189.38,15.14,1559,1748,30,1613
2023300060014,2023,3,0014,0006,194.6,278.93,-84.33,1579,1710,-7,1556
2023300160017,2023,3,0017,0016,270.31,239.18,31.13,1822,1645,13,1851
2023300310030,2023,3,0030,0031,265.61,183.89,81.72,1673,1596,18,1703
2023300210035,2023,3,0035,0021,197.45,226.78,-29.33,1446,1760,-2,1440
2023300040029,2023,3,0029,0004,182.22,310.94,-128.72,1687,1715,-12,1668
2023300280020,2023,3,0020,0028,249.56,197.68,51.88,1536,1628,27,1587
2023300240022,2023,3,0024,0022,288.5,236.18,52.32,1758,1656,17,1788
2023300230010,2023,3,0023,0010,260.23,187.36,72.87,1754,1700,19,1786
2023300190034,2023,3,0019,0034,238.68,247.7,-9.02,1670,1741,-12,1671
2023300050027,2023,3,0005,0027,239.28,192.23,47.05,1711,1577,15,1741
2023300330018,2023,3,0033,0018,175.76,239.6,-63.84,1703,1588,-19,1663
2023300020001,2023,3,0002,0001,250.19,232.86,17.33,1705,1530,12,1729
2023300110003,2023,3,0011,0003,250.56,199.07,51.49,1742,1583,14,1775
2023300070008,2023,3,0007,0008,244.26,217.82,26.44,1687,1581,16,1726
2023300120009,2023,3,0012,0009,326.02,236.11,89.91,1781,1521,11,1808
2023300150006,2023,3,0015,0006,244.06,278.93,-34.87,1808,1710,-19,1798
2023300360031,2023,3,0036,0031,190.76,183.89,6.87,1791,1596,11,1783
2023300260016,2023,3,0026,0016,189.38,239.18,-49.8,1748,1645,-19,1705
2023300210013,2023,3,0021,0013,226.78,286.42,-59.64,1760,1674,-18,1750
2023300040025,2023,3,0004,0025,310.94,194.61,116.33,1715,1509,13,1749
2023300280032,2023,3,0028,0032,197.68,204.52,-6.84,1628,1559,-19,1590
2023300170029,2023,3,0017,0029,270.31,182.22,88.09,1822,1687,16,1851
2023300300035,2023,3,0030,0035,265.61,197.45,68.16,1673,1446,12,1703
2023300140020,2023,3,0014,0020,194.6,249.56,-54.96,1579,1536,-16,1556
2023300240018,2023,3,0024,0018,288.5,239.6,48.9,1758,1588,13,1788
2023300230027,2023,3,0023,0027,260.23,192.23,68,1754,1577,13,1786
2023300190001,2023,3,0019,0001,238.68,232.86,5.82,1670,1530,13,1671
2023300220012,2023,3,0022,0012,236.18,326.02,-89.84,1656,1781,-8,1639
2023300340011,2023,3,0034,0011,247.7,250.56,-2.86,1741,1742,-17,1741
2023300100007,2023,3,0010,0007,187.36,244.26,-56.9,1700,1687,-15,1674
2023300050008,2023,3,0005,0008,239.28,217.82,21.46,1711,1581,15,1741
2023300330003,2023,3,0033,0003,175.76,199.07,-23.31,1703,1583,-21,1663
2023300020009,2023,3,0002,0009,250.19,236.11,14.08,1705,1521,12,1729
2023300150025,2023,3,0015,0025,244.06,194.61,49.45,1808,1509,9,1798
2023300360013,2023,3,0036,0013,190.76,286.42,-95.66,1791,1674,-19,1783
2023300260032,2023,3,0026,0032,189.38,204.52,-15.14,1748,1559,-24,1705
2023300060014,2023,3,0006,0014,278.93,194.6,84.33,1710,1579,16,1753
2023300160017,2023,3,0016,0017,239.18,270.31,-31.13,1645,1822,-6,1666
2023300310030,2023,3,0031,0030,183.89,265.61,-81.72,1596,1673,-10,1579
2023300210035,2023,3,0021,0035,226.78,197.45,29.33,1760,1446,8,1750
2023300040029,2023,3,0004,0029,310.94,182.22,128.72,1715,1687,21,1749
2023300280020,2023,3,0028,0020,197.68,249.56,-51.88,1628,1536,-19,1590
2023400240034,2023,4,0034,0024,222.23,188.72,33.51,1741,1788,24,1776
2023400230022,2023,4,0022,0023,195.82,210.62,-14.8,1639,1786,-8,1614
2023400190010,2023,4,0010,0019,201.88,251.24,-49.36,1674,1671,-14,1675
2023400050001,2023,4,0001,0005,160.1,275.34,-115.24,1514,1741,-3,1507
2023400330027,2023,4,0027,0033,140.81,170.64,-29.83,1563,1663,-10,1548
2023400020018,2023,4,0018,0002,263.8,261.72,2.08,1610,1729,25,1666
2023400110009,2023,4,0009,0011,184.3,191.58,-7.28,1511,1775,-5,1502
2023400070003,2023,4,0003,0007,209.8,235.26,-25.46,1603,1726,-9,1617
2023400120008,2023,4,0008,0012,188.36,223.14,-34.78,1562,1808,-4,1548
2023400150016,2023,4,0016,0015,193.74,230.74,-37,1666,1798,-8,1675
2023400360006,2023,4,0006,0036,279.72,326.78,-47.06,1753,1783,-13,1758
2023400260031,2023,4,0031,0026,195.14,271.9,-76.76,1579,1705,-8,1549
2023400210032,2023,4,0032,0021,168.1,259.16,-91.06,1613,1750,-7,1597
2023400040013,2023,4,0013,0004,229.88,229.54,0.34,1730,1749,19,1741
2023400280025,2023,4,0025,0028,225.14,173.96,51.18,1503,1590,27,1552
2023400170020,2023,4,0020,0017,178.74,332.2,-153.46,1587,1851,-2,1574
2023400300029,2023,4,0029,0030,191.94,231.98,-40.04,1668,1703,-13,1646
2023400140035,2023,4,0035,0014,206.82,220.98,-14.16,1440,1556,-10,1458
2023400240005,2023,4,0005,0024,275.34,188.72,86.62,1741,1788,25,1778
2023400230033,2023,4,0033,0023,170.64,210.62,-39.98,1663,1786,-8,1671
2023400190002,2023,4,0002,0019,261.72,251.24,10.48,1729,1671,17,1723
2023400220003,2023,4,0003,0022,209.8,195.82,13.98,1603,1639,23,1617
2023400340009,2023,4,0009,0034,184.3,222.23,-37.93,1511,1741,-4,1502
2023400100008,2023,4,0008,0010,188.36,201.88,-13.52,1562,1674,-10,1548
2023400270011,2023,4,0011,0027,191.58,140.81,50.77,1775,1563,12,1795
2023400010007,2023,4,0007,0001,235.26,160.1,75.16,1726,1514,12,1753
2023400180012,2023,4,0012,0018,223.14,263.8,-40.66,1808,1610,-23,1795
2023400150021,2023,4,0021,0015,259.16,230.74,28.42,1750,1798,24,1790
2023400360004,2023,4,0004,0036,229.54,326.78,-97.24,1749,1783,-12,1718
2023400260028,2023,4,0028,0026,173.96,271.9,-97.94,1590,1705,-8,1564
2023400060029,2023,4,0029,0006,191.94,279.72,-87.78,1668,1753,-9,1646
2023400160020,2023,4,0020,0016,178.74,193.74,-15,1587,1666,-11,1574
2023400310035,2023,4,0035,0031,206.82,195.14,11.68,1440,1579,28,1458
2023400130017,2023,4,0017,0013,332.2,229.88,102.32,1851,1730,16,1878
2023400320030,2023,4,0030,0032,231.98,168.1,63.88,1703,1613,17,1740
2023400250014,2023,4,0014,0025,220.98,225.14,-4.16,1556,1503,-19,1552
2023400240034,2023,4,0024,0034,188.72,222.23,-33.51,1788,1741,-17,1755
2023400230022,2023,4,0023,0022,210.62,195.82,14.8,1786,1639,13,1814
2023400190010,2023,4,0019,0010,251.24,201.88,49.36,1671,1674,22,1680
2023400050001,2023,4,0005,0001,275.34,160.1,115.24,1741,1514,12,1778
2023400330027,2023,4,0033,0027,170.64,140.81,29.83,1663,1563,16,1671
2023400020018,2023,4,0002,0018,261.72,263.8,-2.08,1729,1610,-23,1723
2023400110009,2023,4,0011,0009,191.58,184.3,7.28,1775,1511,8,1795
2023400070003,2023,4,0007,0003,235.26,209.8,25.46,1726,1603,15,1753
2023400120008,2023,4,0012,0008,223.14,188.36,34.78,1808,1562,10,1795
2023400150016,2023,4,0015,0016,230.74,193.74,37,1798,1666,15,1796
2023400360006,2023,4,0036,0006,326.78,279.72,47.06,1783,1753,20,1824
2023400260031,2023,4,0026,0031,271.9,195.14,76.76,1705,1579,16,1738
2023400210032,2023,4,0021,0032,259.16,168.1,91.06,1750,1613,16,1790
2023400040013,2023,4,0004,0013,229.54,229.88,-0.34,1749,1730,-19,1718
2023400280025,2023,4,0028,0025,173.96,225.14,-51.18,1590,1503,-18,1564
2023400170020,2023,4,0017,0020,332.2,178.74,153.46,1851,1587,11,1878
2023400300029,2023,4,0030,0029,231.98,191.94,40.04,1703,1668,20,1740
2023400140035,2023,4,0014,0035,220.98,206.82,14.16,1556,1440,15,1552
2023400240005,2023,4,0024,0005,188.72,275.34,-86.62,1788,1741,-16,1755
2023400230033,2023,4,0023,0033,210.62,170.64,39.98,1786,1663,15,1814
2023400190002,2023,4,0019,0002,251.24,261.72,-10.48,1671,1729,-13,1680
2023400220003,2023,4,0022,0003,195.82,209.8,-13.98,1639,1603,-17,1614
2023400340009,2023,4,0034,0009,222.23,184.3,37.93,1741,1511,11,1776
2023400100008,2023,4,0010,0008,201.88,188.36,13.52,1674,1562,15,1675
2023400270011,2023,4,0027,0011,140.81,191.58,-50.77,1563,1775,-5,1548
2023400010007,2023,4,0001,0007,160.1,235.26,-75.16,1514,1726,-4,1507
2023400180012,2023,4,0018,0012,263.8,223.14,40.66,1610,1808,31,1666
2023400150021,2023,4,0015,0021,230.74,259.16,-28.42,1798,1750,-17,1796
2023400360004,2023,4,0036,0004,326.78,229.54,97.24,1783,1749,21,1824
2023400260028,2023,4,0026,0028,271.9,173.96,97.94,1705,1590,17,1738
2023400060029,2023,4,0006,0029,279.72,191.94,87.78,1753,1668,18,1758
2023400160020,2023,4,0016,0020,193.74,178.74,15,1666,1587,17,1675
2023400310035,2023,4,0031,0035,195.14,206.82,-11.68,1579,1440,-22,1549
2023400130017,2023,4,0013,0017,229.88,332.2,-102.32,1730,1851,-8,1741
2023400320030,2023,4,0032,0030,168.1,231.98,-63.88,1613,1703,-9,1597
2023400250014,2023,4,0025,0014,225.14,220.98,4.16,1503,1556,22,1552
2023500240010,2023,5,0010,0024,189,252.18,-63.18,1675,1755,-10,1648
2023500230019,2023,5,0019,0023,229.16,150.94,78.22,1680,1814,29,1700
2023500220034,2023,5,0034,0022,181.96,274.14,-92.18,1776,1614,-21,1729
2023500050018,2023,5,0018,0005,233.02,323.84,-90.82,1666,1778,-8,1649
2023500330002,2023,5,0002,0033,202.44,174.82,27.62,1723,1671,19,1769
2023500270001,2023,5,0001,0027,163.92,204.39,-40.47,1507,1548,-12,1493
2023500110008,2023,5,0008,0011,191.82,256.04,-64.22,1548,1795,-3,1576
2023500070012,2023,5,0012,0007,220.62,260.42,-39.8,1795,1753,-16,1788
2023500030009,2023,5,0009,0003,253.26,224.06,29.2,1502,1617,27,1520
2023500150031,2023,5,0031,0015,226.56,149.02,77.54,1549,1796,34,1609
2023500360026,2023,5,0026,0036,195.86,251.4,-55.54,1738,1824,-10,1716
2023500060016,2023,5,0016,0006,197.59,242.42,-44.83,1675,1758,-10,1640
2023500210025,2023,5,0025,0021,239.76,234.62,5.14,1552,1790,31,1582
2023500040028,2023,5,0028,0004,209.02,220.14,-11.12,1564,1718,-8,1553
2023500130032,2023,5,0032,0013,257.06,212.72,44.34,1597,1741,29,1646
2023500170035,2023,5,0035,0017,219.26,311.56,-92.3,1458,1878,1,1490
2023500300014,2023,5,0014,0030,172.77,270.6,-97.83,1552,1740,-5,1536
2023500290020,2023,5,0020,0029,165.39,211.16,-45.77,1574,1646,-11,1558
2023500240033,2023,5,0033,0024,174.82,252.18,-77.36,1671,1755,-10,1649
2023500230002,2023,5,0002,0023,202.44,150.94,51.5,1723,1814,27,1769
2023500190005,2023,5,0005,0019,323.84,229.16,94.68,1778,1680,17,1812
2023500220009,2023,5,0009,0022,253.26,274.14,-20.88,1502,1614,-9,1520
2023500340008,2023,5,0008,0034,191.82,181.96,9.86,1548,1776,31,1576
2023500100003,2023,5,0003,0010,224.06,189,35.06,1617,1675,25,1622
2023500270007,2023,5,0007,0027,260.42,204.39,56.03,1753,1548,12,1789
2023500010012,2023,5,0012,0001,220.62,163.92,56.7,1795,1507,9,1788
2023500180011,2023,5,0011,0018,256.04,233.02,23.02,1795,1666,15,1821
2023500150004,2023,5,0004,0015,220.14,149.02,71.12,1718,1796,26,1757
2023500360028,2023,5,0028,0036,209.02,251.4,-42.38,1564,1824,-3,1553
2023500260021,2023,5,0021,0026,234.62,195.86,38.76,1790,1738,19,1782
2023500060020,2023,5,0020,0006,165.39,242.42,-77.03,1574,1758,-5,1558
2023500160035,2023,5,0035,0016,219.26,197.59,21.67,1458,1675,31,1490
2023500310029,2023,5,0029,0031,211.16,226.56,-15.4,1646,1549,-20,1644
2023500130030,2023,5,0030,0013,270.6,212.72,57.88,1740,1741,22,1775
2023500320014,2023,5,0014,0032,172.77,257.06,-84.29,1552,1597,-11,1536
2023500250017,2023,5,0017,0025,311.56,239.76,71.8,1878,1552,9,1894
2023500240010,2023,5,0024,0010,252.18,189,63.18,1755,1675,18,1791
2023500230019,2023,5,0023,0019,150.94,229.16,-78.22,1814,1680,-20,1776
2023500220034,2023,5,0022,0034,274.14,181.96,92.18,1614,1776,31,1660
2023500050018,2023,5,0005,0018,323.84,233.02,90.82,1778,1666,17,1812
2023500330002,2023,5,0033,0002,174.82,202.44,-27.62,1671,1723,-12,1649
2023500270001,2023,5,0027,0001,204.39,163.92,40.47,1548,1507,20,1563
2023500110008,2023,5,0011,0008,256.04,191.82,64.22,1795,1548,11,1821
2023500070012,2023,5,0007,0012,260.42,220.62,39.8,1753,1795,24,1789
2023500030009,2023,5,0003,0009,224.06,253.26,-29.2,1617,1502,-20,1622
2023500150031,2023,5,0015,0031,149.02,226.56,-77.54,1796,1549,-24,1754
2023500360026,2023,5,0036,0026,251.4,195.86,55.54,1824,1738,18,1852
2023500060016,2023,5,0006,0016,242.42,197.59,44.83,1758,1675,17,1788
2023500210025,2023,5,0021,0025,234.62,239.76,-5.14,1790,1552,-27,1782
2023500040028,2023,5,0004,0028,220.14,209.02,11.12,1718,1564,13,1757
2023500130032,2023,5,0013,0032,212.72,257.06,-44.34,1741,1597,-21,1706
2023500170035,2023,5,0017,0035,311.56,219.26,92.3,1878,1458,7,1894
2023500300014,2023,5,0030,0014,270.6,172.77,97.83,1740,1552,13,1775
2023500290020,2023,5,0029,0020,211.16,165.39,45.77,1646,1574,18,1644
2023500240033,2023,5,0024,0033,252.18,174.82,77.36,1755,1671,18,1791
2023500230002,2023,5,0023,0002,150.94,202.44,-51.5,1814,1723,-18,1776
2023500190005,2023,5,0019,0005,229.16,323.84,-94.68,1680,1778,-9,1700
2023500220009,2023,5,0022,0009,274.14,253.26,20.88,1614,1502,15,1660
2023500340008,2023,5,0034,0008,181.96,191.82,-9.86,1776,1548,-26,1729
2023500100003,2023,5,0010,0003,189,224.06,-35.06,1675,1617,-17,1648
2023500270007,2023,5,0027,0007,204.39,260.42,-56.03,1548,1753,-5,1563
2023500010012,2023,5,0001,0012,163.92,220.62,-56.7,1507,1795,-2,1493
2023500180011,2023,5,0018,0011,233.02,256.04,-23.02,1666,1795,-9,1649
2023500150004,2023,5,0015,0004,149.02,220.14,-71.12,1796,1718,-18,1754
2023500360028,2023,5,0036,0028,251.4,209.02,42.38,1824,1564,10,1852
2023500260021,2023,5,0026,0021,195.86,234.62,-38.76,1738,1790,-12,1716
2023500060020,2023,5,0006,0020,242.42,165.39,77.03,1758,1574,13,1788
2023500160035,2023,5,0016,0035,197.59,219.26,-21.67,1675,1458,-25,1640
2023500310029,2023,5,0031,0029,226.56,211.16,15.4,1549,1646,26,1609
2023500130030,2023,5,0013,0030,212.72,270.6,-57.88,1741,1740,-14,1706
2023500320014,2023,5,0032,0014,257.06,172.77,84.29,1597,1552,20,1646
2023500250017,2023,5,0025,0017,239.76,311.56,-71.8,1552,1878,-1,1582
2023600080036,2023,6,0036,0008,238.14,210.78,27.36,1852,1576,9,1879
2023600050004,2023,6,0004,0005,229.32,226.32,3,1757,1812,22,1798
2023600120026,2023,6,0026,0012,207.41,301.62,-94.21,1716,1788,-10,1693
2023600190029,2023,6,0029,0019,199.33,245.04,-45.71,1644,1700,-11,1653
2023600230013,2023,6,0013,0023,255.58,207.54,48.04,1706,1776,26,1746
2023600010016,2023,6,0016,0001,188.52,159.04,29.48,1640,1493,14,1639
2023600030021,2023,6,0021,0003,212.5,219.46,-6.96,1782,1622,-24,1747
2023600240025,2023,6,0025,0024,200.76,235.5,-34.74,1582,1791,-5,1608
2023600110006,2023,6,0006,0011,251.44,241.4,10.04,1788,1821,22,1819
2023600330015,2023,6,0015,0033,238.73,229.43,9.3,1754,1649,15,1781
2023600220017,2023,6,0017,0022,235.22,222.34,12.88,1894,1660,10,1915
2023600020028,2023,6,0028,0002,208.8,276.1,-67.3,1553,1769,-4,1544
2023600090031,2023,6,0031,0009,168.84,179.22,-10.38,1609,1520,-20,1605
2023600340032,2023,6,0032,0034,183.46,214.98,-31.52,1646,1729,-10,1633
2023600270035,2023,6,0035,0027,215.15,186.68,28.47,1490,1563,25,1513
2023600100020,2023,6,0020,0010,168.35,196.75,-28.4,1558,1648,-10,1533
2023600180030,2023,6,0030,0018,178.54,212.5,-33.96,1775,1649,-20,1731
2023600070014,2023,6,0014,0007,196.08,226.94,-30.86,1536,1789,-4,1526
2023600240002,2023,6,0002,0024,276.1,235.5,40.6,1769,1791,23,1804
2023600230005,2023,6,0005,0023,226.32,207.54,18.78,1812,1776,19,1812
2023600190033,2023,6,0033,0019,229.43,245.04,-15.61,1649,1700,-13,1626
2023600220008,2023,6,0008,0022,210.78,222.34,-11.56,1576,1660,-11,1562
2023600340003,2023,6,0003,0034,219.46,214.98,4.48,1622,1729,25,1675
2023600100009,2023,6,0009,0010,179.22,196.75,-17.53,1520,1648,-9,1536
2023600270012,2023,6,0012,0027,301.62,186.68,114.94,1788,1563,12,1819
2023600010011,2023,6,0011,0001,241.4,159.04,82.36,1821,1493,9,1813
2023600180007,2023,6,0007,0018,226.94,212.5,14.44,1789,1649,14,1813
2023600150028,2023,6,0028,0015,208.8,238.73,-29.93,1553,1754,-5,1544
2023600360021,2023,6,0021,0036,212.5,238.14,-25.64,1782,1852,-11,1747
2023600260004,2023,6,0004,0026,229.32,207.41,21.91,1757,1716,19,1798
2023600060035,2023,6,0035,0006,215.15,251.44,-36.29,1490,1788,-2,1513
2023600160029,2023,6,0029,0016,199.33,188.52,10.81,1644,1640,20,1653
2023600310020,2023,6,0020,0031,168.35,168.84,-0.49,1558,1609,-15,1533
2023600130014,2023,6,0014,0013,196.08,255.58,-59.5,1536,1706,-6,1526
2023600320017,2023,6,0017,0032,235.22,183.46,51.76,1894,1646,11,1915
2023600250030,2023,6,0030,0025,178.54,200.76,-22.22,1775,1582,-24,1731
2023600080036,2023,6,0008,0036,210.78,238.14,-27.36,1576,1852,-3,1562
2023600050004,2023,6,0005,0004,226.32,229.32,-3,1812,1757,-19,1812
2023600120026,2023,6,0012,0026,301.62,207.41,94.21,1788,1716,19,1819
2023600190029,2023,6,0019,0029,245.04,199.33,45.71,1700,1644,19,1737
2023600230013,2023,6,0023,0013,207.54,255.58,-48.04,1776,1706,-18,1745
2023600010016,2023,6,0001,0016,159.04,188.52,-29.48,1493,1640,-8,1484
2023600030021,2023,6,0003,0021,219.46,212.5,6.96,1622,1782,28,1675
2023600240025,2023,6,0024,0025,235.5,200.76,34.74,1791,1582,12,1788
2023600110006,2023,6,0011,0006,241.4,251.44,-10.04,1821,1788,-17,1813
2023600330015,2023,6,0033,0015,229.43,238.73,-9.3,1649,1754,-10,1626
2023600220017,2023,6,0022,0017,222.34,235.22,-12.88,1660,1894,-5,1671
2023600020028,2023,6,0002,0028,276.1,208.8,67.3,1769,1553,12,1804
2023600090031,2023,6,0009,0031,179.22,168.84,10.38,1520,1609,25,1536
2023600340032,2023,6,0034,0032,214.98,183.46,31.52,1729,1646,17,1724
2023600270035,2023,6,0027,0035,186.68,215.15,-28.47,1563,1490,-18,1542
2023600100020,2023,6,0010,0020,196.75,168.35,28.4,1648,1558,17,1679
2023600180030,2023,6,0018,0030,212.5,178.54,33.96,1649,1775,28,1668
2023600070014,2023,6,0007,0014,226.94,196.08,30.86,1789,1536,10,1813
2023600240002,2023,6,0024,0002,235.5,276.1,-40.6,1791,1769,-15,1788
2023600230005,2023,6,0023,0005,207.54,226.32,-18.78,1776,1812,-13,1745
2023600190033,2023,6,0019,0033,245.04,229.43,15.61,1700,1649,18,1737
2023600220008,2023,6,0022,0008,222.34,210.78,11.56,1660,1576,16,1671
2023600340003,2023,6,0034,0003,214.98,219.46,-4.48,1729,1622,-22,1724
2023600100009,2023,6,0010,0009,196.75,179.22,17.53,1648,1520,14,1679
2023600270012,2023,6,0027,0012,186.68,301.62,-114.94,1563,1788,-3,1542
2023600010011,2023,6,0001,0011,159.04,241.4,-82.36,1493,1821,-1,1484
2023600180007,2023,6,0018,0007,212.5,226.94,-14.44,1649,1789,-9,1668
2023600150028,2023,6,0015,0028,238.73,208.8,29.93,1754,1553,12,1781
2023600360021,2023,6,0036,0021,238.14,212.5,25.64,1852,1782,18,1879
2023600260004,2023,6,0026,0004,207.41,229.32,-21.91,1716,1757,-13,1693
2023600060035,2023,6,0006,0035,251.44,215.15,36.29,1788,1490,9,1819
2023600160029,2023,6,0016,0029,188.52,199.33,-10.81,1640,1644,-15,1639
2023600310020,2023,6,0031,0020,168.84,168.35,0.49,1609,1558,16,1605
2023600130014,2023,6,0013,0014,255.58,196.08,59.5,1706,1536,14,1746
2023600320017,2023,6,0032,0017,183.46,235.22,-51.76,1646,1894,-3,1633
2023600250030,2023,6,0025,0030,200.76,178.54,22.22,1582,1775,31,1608
2023700160012,2023,7,0012,0016,222.1,264.68,-42.58,1819,1639,-22,1778
2023700250007,2023,7,0007,0025,258.36,183,75.36,1813,1608,12,1843
2023700350005,2023,7,0005,0035,254.28,185.76,68.52,1812,1513,9,1834
2023700170008,2023,7,0008,0017,200.84,288.88,-88.04,1562,1915,-0,1553
2023700310034,2023,7,0034,0031,188.06,198.6,-10.54,1724,1605,-21,1684
2023700040018,2023,7,0018,0004,234.68,238.18,-3.5,1668,1798,-10,1674
2023700150024,2023,7,0024,0015,304.28,271.1,33.18,1788,1781,21,1833
2023700360001,2023,7,0001,0036,189.46,216.81,-27.35,1484,1879,-1,1506
2023700320027,2023,7,0027,0032,159.96,179.9,-19.94,1542,1633,-10,1525
2023700280010,2023,7,0010,0028,209.58,173.41,36.17,1679,1544,15,1722
2023700300019,2023,7,0019,0030,234.52,210.66,23.86,1737,1731,21,1783
2023700060002,2023,7,0002,0006,184.46,245.26,-60.8,1804,1819,-13,1770
2023700210009,2023,7,0009,0021,183.7,240.66,-56.96,1536,1747,-5,1512
2023700260023,2023,7,0023,0026,232.96,173.36,59.6,1745,1693,19,1753
2023700200003,2023,7,0003,0020,265.7,162.59,103.11,1675,1533,15,1706
2023700140033,2023,7,0033,0014,236.31,198.36,37.95,1626,1526,16,1669
2023700290011,2023,7,0011,0029,228.64,210.54,18.1,1813,1653,13,1811
2023700130022,2023,7,0022,0013,243.96,147.84,96.12,1671,1746,27,1689
2023700240011,2023,7,0011,0024,228.64,304.28,-75.64,1813,1788,-15,1811
2023700230007,2023,7,0007,0023,258.36,232.96,25.4,1813,1745,18,1843
2023700190012,2023,7,0012,0019,222.1,234.52,-12.42,1819,1737,-19,1778
2023700220005,2023,7,0005,0022,254.28,243.96,10.32,1812,1671,13,1834
2023700340033,2023,7,0033,0034,236.31,188.06,48.25,1626,1724,27,1669
2023700100002,2023,7,0002,0010,184.46,209.58,-25.12,1804,1679,-21,1770
2023700270003,2023,7,0003,0027,265.7,159.96,105.74,1675,1542,16,1706
2023700010009,2023,7,0009,0001,183.7,189.46,-5.76,1536,1484,-19,1512
2023700180008,2023,7,0008,0018,200.84,234.68,-33.84,1562,1668,-9,1553
2023700150017,2023,7,0017,0015,288.88,271.1,17.78,1915,1781,14,1937
2023700360030,2023,7,0030,0036,210.66,216.81,-6.15,1731,1879,-9,1708
2023700260014,2023,7,0014,0026,198.36,173.36,25,1526,1693,30,1547
2023700060021,2023,7,0021,0006,240.66,245.26,-4.6,1747,1819,-13,1746
2023700160004,2023,7,0004,0016,238.18,264.68,-26.5,1798,1639,-22,1789
2023700310028,2023,7,0028,0031,173.41,198.6,-25.19,1544,1605,-12,1524
2023700130029,2023,7,0029,0013,210.54,147.84,62.7,1653,1746,27,1672
2023700320020,2023,7,0020,0032,162.59,179.9,-17.31,1533,1633,-10,1516
2023700250035,2023,7,0035,0025,185.76,183,2.76,1513,1608,24,1535
2023700160012,2023,7,0016,0012,264.68,222.1,42.58,1639,1819,31,1699
2023700250007,2023,7,0025,0007,183,258.36,-75.36,1608,1813,-4,1583
2023700350005,2023,7,0035,0005,185.76,254.28,-68.52,1513,1812,-2,1535
2023700170008,2023,7,0017,0008,288.88,200.84,88.04,1915,1562,8,1937
2023700310034,2023,7,0031,0034,198.6,188.06,10.54,1605,1724,27,1650
2023700040018,2023,7,0004,0018,238.18,234.68,3.5,1798,1668,13,1789
2023700150024,2023,7,0015,0024,271.1,304.28,-33.18,1781,1788,-14,1758
2023700360001,2023,7,0036,0001,216.81,189.46,27.35,1879,1484,6,1898
2023700320027,2023,7,0032,0027,179.9,159.96,19.94,1633,1542,16,1665
2023700280010,2023,7,0028,0010,173.41,209.58,-36.17,1544,1679,-8,1524
2023700300019,2023,7,0030,0019,210.66,234.52,-23.86,1731,1737,-14,1708
2023700060002,2023,7,0006,0002,245.26,184.46,60.8,1819,1804,21,1856
2023700210009,2023,7,0021,0009,240.66,183.7,56.96,1747,1536,12,1746
2023700260023,2023,7,0026,0023,173.36,232.96,-59.6,1693,1745,-11,1659
2023700200003,2023,7,0020,0003,162.59,265.7,-103.11,1533,1675,-7,1516
2023700140033,2023,7,0014,0033,198.36,236.31,-37.95,1526,1626,-9,1547
2023700290011,2023,7,0029,0011,210.54,228.64,-18.1,1653,1813,-8,1672
2023700130022,2023,7,0013,0022,147.84,243.96,-96.12,1746,1671,-17,1711
2023700240011,2023,7,0024,0011,304.28,228.64,75.64,1788,1813,24,1833
2023700230007,2023,7,0023,0007,232.96,258.36,-25.4,1745,1813,-11,1753
2023700190012,2023,7,0019,0012,234.52,222.1,12.42,1737,1819,25,1783
2023700220005,2023,7,0022,0005,243.96,254.28,-10.32,1671,1812,-9,1689
2023700340033,2023,7,0034,0033,188.06,236.31,-48.25,1724,1626,-19,1684
2023700100002,2023,7,0010,0002,209.58,184.46,25.12,1679,1804,28,1722
2023700270003,2023,7,0027,0003,159.96,265.7,-105.74,1542,1675,-7,1525
2023700010009,2023,7,0001,0009,189.46,183.7,5.76,1484,1536,23,1506
2023700180008,2023,7,0018,0008,234.68,200.84,33.84,1668,1562,16,1674
2023700150017,2023,7,0015,0017,271.1,288.88,-17.78,1781,1915,-9,1758
2023700360030,2023,7,0036,0030,216.81,210.66,6.15,1879,1731,13,1898
2023700260014,2023,7,0026,0014,173.36,198.36,-25,1693,1526,-23,1659
2023700060021,2023,7,0006,0021,245.26,240.66,4.6,1819,1747,16,1856
2023700160004,2023,7,0016,0004,264.68,238.18,26.5,1639,1798,29,1699
2023700310028,2023,7,0031,0028,198.6,173.41,25.19,1605,1544,18,1650
2023700130029,2023,7,0013,0029,147.84,210.54,-62.7,1746,1653,-18,1711
2023700320020,2023,7,0032,0020,179.9,162.59,17.31,1633,1533,16,1665
2023700250035,2023,7,0025,0035,183,185.76,-2.76,1608,1513,-21,1583
2023800240023,2023,8,0023,0024,222,258.1,-36.1,1753,1833,-10,1730
2023800190022,2023,8,0022,0019,227.1,217.76,9.34,1689,1783,25,1734
2023800340010,2023,8,0010,0034,209.42,273.52,-64.1,1722,1684,-16,1698
2023800050033,2023,8,0033,0005,208.78,312.88,-104.1,1669,1834,-6,1649
2023800020027,2023,8,0027,0002,182.87,261.11,-78.24,1525,1770,-3,1508
2023800010018,2023,8,0018,0001,250.38,234.57,15.81,1674,1506,13,1674
2023800110007,2023,8,0007,0011,236.58,279.12,-42.54,1843,1811,-16,1812
2023800120003,2023,8,0003,0012,267.56,250.86,16.7,1706,1778,25,1750
2023800090008,2023,8,0008,0009,275.66,249.02,26.64,1553,1512,19,1591
2023800150036,2023,8,0036,0015,249.58,257.84,-8.26,1898,1758,-23,1881
2023800260006,2023,8,0006,0026,248.9,241.06,7.84,1856,1659,11,1849
2023800160031,2023,8,0031,0016,204.69,215.58,-10.89,1650,1699,-13,1628
2023800210004,2023,8,0004,0021,284.88,257.56,27.32,1789,1746,19,1833
2023800280013,2023,8,0013,0028,216.56,235.12,-18.56,1711,1524,-24,1699
2023800320025,2023,8,0025,0032,208.65,201.81,6.84,1583,1665,24,1595
2023800170030,2023,8,0030,0017,223.98,294.8,-70.82,1708,1937,-4,1692
2023800140029,2023,8,0029,0014,213.9,246.12,-32.22,1672,1547,-20,1667
2023800200035,2023,8,0035,0020,264.08,183.16,80.92,1535,1516,21,1585
2023800240007,2023,8,0007,0024,236.58,258.1,-21.52,1843,1833,-15,1812
2023800230012,2023,8,0012,0023,250.86,222,28.86,1778,1753,20,1779
2023800190011,2023,8,0011,0019,279.12,217.76,61.36,1811,1783,21,1855
2023800220033,2023,8,0033,0022,208.78,227.1,-18.32,1669,1689,-14,1649
2023800340002,2023,8,0002,0034,261.11,273.52,-12.41,1770,1684,-20,1761
2023800100005,2023,8,0005,0010,312.88,209.42,103.46,1834,1722,17,1865
2023800270009,2023,8,0009,0027,249.02,182.87,66.15,1512,1525,23,1522
2023800010008,2023,8,0008,0001,275.66,234.57,41.09,1553,1506,19,1591
2023800180003,2023,8,0003,0018,267.56,250.38,17.18,1706,1674,19,1750
2023800150030,2023,8,0030,0015,223.98,257.84,-33.86,1708,1758,-12,1692
2023800360014,2023,8,0014,0036,246.12,249.58,-3.46,1547,1898,-3,1572
2023800260017,2023,8,0017,0026,294.8,241.06,53.74,1937,1659,10,1958
2023800060004,2023,8,0004,0006,284.88,248.9,35.98,1789,1856,25,1833
2023800160028,2023,8,0028,0016,235.12,215.58,19.54,1524,1699,30,1584
2023800310021,2023,8,0021,0031,257.56,204.69,52.87,1746,1650,17,1750
2023800130020,2023,8,0020,0013,183.16,216.56,-33.4,1516,1711,-6,1497
2023800320035,2023,8,0035,0032,264.08,201.81,62.27,1535,1665,29,1585
2023800250029,2023,8,0029,0025,213.9,208.65,5.25,1672,1583,15,1667
2023800240023,2023,8,0024,0023,258.1,222,36.1,1833,1753,17,1872
2023800190022,2023,8,0019,0022,217.76,227.1,-9.34,1783,1689,-20,1751
2023800340010,2023,8,0034,0010,273.52,209.42,64.1,1684,1722,24,1733
2023800050033,2023,8,0005,0033,312.88,208.78,104.1,1834,1669,14,1865
2023800020027,2023,8,0002,0027,261.11,182.87,78.24,1770,1525,11,1761
2023800010018,2023,8,0001,0018,234.57,250.38,-15.81,1506,1674,-7,1487
2023800110007,2023,8,0011,0007,279.12,236.58,42.54,1811,1843,23,1855
2023800120003,2023,8,0012,0003,250.86,267.56,-16.7,1778,1706,-19,1779
2023800090008,2023,8,0009,0008,249.02,275.66,-26.64,1512,1553,-13,1522
2023800150036,2023,8,0015,0036,257.84,249.58,8.26,1758,1898,27,1804
2023800260006,2023,8,0026,0006,241.06,248.9,-7.84,1659,1856,-7,1650
2023800160031,2023,8,0016,0031,215.58,204.69,10.89,1699,1650,18,1694
2023800210004,2023,8,0021,0004,257.56,284.88,-27.32,1746,1789,-13,1750
2023800280013,2023,8,0028,0013,235.12,216.56,18.56,1524,1711,30,1584
2023800320025,2023,8,0032,0025,201.81,208.65,-6.84,1665,1583,-20,1625
2023800170030,2023,8,0017,0030,294.8,223.98,70.82,1937,1708,11,1958
2023800140029,2023,8,0014,0029,246.12,213.9,32.22,1547,1672,28,1572
2023800200035,2023,8,0020,0035,183.16,264.08,-80.92,1516,1535,-13,1497
2023800240007,2023,8,0024,0007,258.1,236.58,21.52,1833,1843,22,1872
2023800230012,2023,8,0023,0012,222,250.86,-28.86,1753,1778,-13,1730
2023800190011,2023,8,0019,0011,217.76,279.12,-61.36,1783,1811,-12,1751
2023800220033,2023,8,0022,0033,227.1,208.78,18.32,1689,1669,20,1734
2023800340002,2023,8,0034,0002,273.52,261.11,12.41,1684,1770,25,1733
2023800100005,2023,8,0010,0005,209.42,312.88,-103.46,1722,1834,-8,1698
2023800270009,2023,8,0027,0009,182.87,249.02,-66.15,1525,1512,-14,1508
2023800010008,2023,8,0001,0008,234.57,275.66,-41.09,1506,1553,-12,1487
2023800180003,2023,8,0018,0003,250.38,267.56,-17.18,1674,1706,-13,1674
2023800150030,2023,8,0015,0030,257.84,223.98,33.86,1758,1708,19,1804
2023800360014,2023,8,0036,0014,249.58,246.12,3.46,1898,1547,6,1881
2023800260017,2023,8,0026,0017,241.06,294.8,-53.74,1659,1937,-2,1650
2023800060004,2023,8,0006,0004,248.9,284.88,-35.98,1856,1789,-18,1849
2023800160028,2023,8,0016,0028,215.58,235.12,-19.54,1699,1524,-23,1694
2023800310021,2023,8,0031,0021,204.69,257.56,-52.87,1650,1746,-9,1628
2023800130020,2023,8,0013,0020,216.56,183.16,33.4,1711,1516,12,1699
2023800320035,2023,8,0032,0035,201.81,264.08,-62.27,1665,1535,-20,1625
2023800250029,2023,8,0025,0029,208.65,213.9,-5.25,1583,1672,-12,1595
2023900240019,2023,9,0019,0024,210.98,200.48,10.5,1751,1872,27,1766
2023900230034,2023,9,0034,0023,207.44,218.2,-10.76,1733,1730,-16,1743
2023900220010,2023,9,0010,0022,204.72,231.57,-26.85,1698,1734,-13,1668
2023900050002,2023,9,0002,0005,207.72,205.38,2.34,1761,1865,24,1769
2023900330001,2023,9,0001,0033,172.64,230.46,-57.82,1487,1649,-6,1478
2023900270018,2023,9,0018,0027,166.7,156.19,10.51,1674,1508,12,1664
2023900110012,2023,9,0012,0011,224.82,252.82,-28,1779,1855,-11,1794
2023900070009,2023,9,0009,0007,198.86,237.8,-38.94,1522,1812,-2,1549
2023900030008,2023,9,0008,0003,179.24,220.42,-41.18,1591,1750,-7,1601
2023900150026,2023,9,0026,0015,254.82,248.06,6.76,1650,1804,28,1702
2023900360016,2023,9,0016,0036,175.68,236.08,-60.4,1694,1881,-5,1678
2023900060031,2023,9,0031,0006,201.2,212.3,-11.1,1628,1849,-6,1617
2023900210028,2023,9,0028,0021,180.6,285.48,-104.88,1584,1750,-6,1575
2023900040032,2023,9,0032,0004,162.62,232.78,-70.16,1625,1833,-4,1609
2023900130025,2023,9,0025,0013,205,174.62,30.38,1595,1699,27,1601
2023900170014,2023,9,0014,0017,234.34,280.7,-46.36,1572,1958,-0,1567
2023900300020,2023,9,0020,0030,208.83,199.12,9.71,1497,1692,30,1552
2023900290035,2023,9,0035,0029,208.74,212.24,-3.5,1585,1667,-12,1600
2023900240012,2023,9,0012,0024,224.82,200.48,24.34,1779,1872,26,1794
2023900230011,2023,9,0011,0023,252.82,218.2,34.62,1855,1730,15,1887
2023900190007,2023,9,0007,0019,237.8,210.98,26.82,1812,1751,18,1839
2023900220002,2023,9,0002,0022,207.72,231.57,-23.85,1761,1734,-16,1769
2023900340005,2023,9,0005,0034,205.38,207.44,-2.06,1865,1733,-23,1820
2023900100033,2023,9,0033,0010,230.46,204.72,25.74,1649,1698,24,1687
2023900270008,2023,9,0008,0027,179.24,156.19,23.05,1591,1508,17,1601
2023900010003,2023,9,0003,0001,220.42,172.64,47.78,1750,1487,10,1774
2023900180009,2023,9,0009,0018,198.86,166.7,32.16,1522,1674,29,1549
2023900150014,2023,9,0014,0015,234.34,248.06,-13.72,1572,1804,-5,1567
2023900360017,2023,9,0017,0036,280.7,236.08,44.62,1958,1881,18,1983
2023900260030,2023,9,0030,0026,199.12,254.82,-55.7,1692,1650,-16,1651
2023900060028,2023,9,0028,0006,180.6,212.3,-31.7,1584,1849,-3,1575
2023900160021,2023,9,0021,0016,285.48,175.68,109.8,1750,1694,20,1784
2023900310004,2023,9,0004,0031,232.78,201.2,31.58,1833,1628,12,1857
2023900130035,2023,9,0035,0013,208.74,174.62,34.12,1585,1699,27,1600
2023900320029,2023,9,0029,0032,212.24,162.62,49.62,1667,1625,20,1702
2023900250020,2023,9,0020,0025,208.83,205,3.83,1497,1595,25,1552
2023900240019,2023,9,0024,0019,200.48,210.98,-10.5,1872,1751,-21,1832
2023900230034,2023,9,0023,0034,218.2,207.44,10.76,1730,1733,21,1743
2023900220010,2023,9,0022,0010,231.57,204.72,26.85,1734,1698,19,1776
2023900050002,2023,9,0005,0002,205.38,207.72,-2.34,1865,1761,-22,1820
2023900330001,2023,9,0033,0001,230.46,172.64,57.82,1649,1487,14,1687
2023900270018,2023,9,0027,0018,156.19,166.7,-10.51,1508,1674,-8,1489
2023900110012,2023,9,0011,0012,252.82,224.82,28,1855,1779,17,1887
2023900070009,2023,9,0007,0009,237.8,198.86,38.94,1812,1522,9,1839
2023900030008,2023,9,0003,0008,220.42,179.24,41.18,1750,1591,14,1774
2023900150026,2023,9,0015,0026,248.06,254.82,-6.76,1804,1650,-23,1791
2023900360016,2023,9,0036,0016,236.08,175.68,60.4,1881,1694,13,1884
2023900060031,2023,9,0006,0031,212.3,201.2,11.1,1849,1628,10,1869
2023900210028,2023,9,0021,0028,285.48,180.6,104.88,1750,1584,14,1784
2023900040032,2023,9,0004,0032,232.78,162.62,70.16,1833,1625,12,1857
2023900130025,2023,9,0013,0025,174.62,205,-30.38,1699,1595,-20,1659
2023900170014,2023,9,0017,0014,280.7,234.34,46.36,1958,1572,7,1983
2023900300020,2023,9,0030,0020,199.12,208.83,-9.71,1692,1497,-25,1651
2023900290035,2023,9,0029,0035,212.24,208.74,3.5,1667,1585,15,1702
2023900240012,2023,9,0024,0012,200.48,224.82,-24.34,1872,1779,-19,1832
2023900230011,2023,9,0023,0011,218.2,252.82,-34.62,1730,1855,-8,1743
2023900190007,2023,9,0019,0007,210.98,237.8,-26.82,1751,1812,-12,1766
2023900220002,2023,9,0022,0002,231.57,207.72,23.85,1734,1761,23,1776
2023900340005,2023,9,0034,0005,207.44,205.38,2.06,1733,1865,26,1743
2023900100033,2023,9,0010,0033,204.72,230.46,-25.74,1698,1649,-17,1668
2023900270008,2023,9,0027,0008,156.19,179.24,-23.05,1508,1591,-11,1489
2023900010003,2023,9,0001,0003,172.64,220.42,-47.78,1487,1750,-3,1478
2023900180009,2023,9,0018,0009,166.7,198.86,-32.16,1674,1522,-22,1664
2023900150014,2023,9,0015,0014,248.06,234.34,13.72,1804,1572,10,1791
2023900360017,2023,9,0036,0017,236.08,280.7,-44.62,1881,1958,-10,1884
2023900260030,2023,9,0026,0030,254.82,199.12,55.7,1650,1692,24,1702
2023900060028,2023,9,0006,0028,212.3,180.6,31.7,1849,1584,10,1869
2023900160021,2023,9,0016,0021,175.68,285.48,-109.8,1694,1750,-11,1678
2023900310004,2023,9,0031,0004,201.2,232.78,-31.58,1628,1833,-5,1617
2023900130035,2023,9,0013,0035,174.62,208.74,-34.12,1699,1585,-20,1659
2023900320029,2023,9,0032,0029,162.62,212.24,-49.62,1625,1667,-12,1609
2023900250020,2023,9,0025,0020,205,208.83,-3.83,1595,1497,-21,1601
20231000240022,2023,10,0022,0024,221.68,269.34,-47.66,1776,1832,-11,1774
20231000230010,2023,10,0010,0023,215.18,241.29,-26.11,1668,1743,-11,1642
20231000190034,2023,10,0034,0019,258.62,182.07,76.55,1743,1766,24,1777
20231000050027,2023,10,0027,0005,159.87,222.47,-62.6,1489,1820,-1,1486
20231000330018,2023,10,0018,0033,242.84,225.73,17.11,1664,1687,22,1708
20231000020001,2023,10,0001,0002,209.65,233.91,-24.26,1478,1769,-3,1472
20231000110003,2023,10,0003,0011,203.58,231.13,-27.55,1774,1887,-9,1754
20231000070008,2023,10,0008,0007,229.08,267.43,-38.35,1601,1839,-4,1627
20231000120009,2023,10,0009,0012,175.24,227.98,-52.74,1549,1794,-3,1541
20231000150006,2023,10,0006,0015,243.16,198.36,44.8,1869,1791,18,1899
20231000360031,2023,10,0031,0036,213.67,193.95,19.72,1617,1884,33,1670
20231000260016,2023,10,0016,0026,288.72,204.7,84.02,1678,1702,24,1721
20231000210013,2023,10,0013,0021,206.5,251.88,-45.38,1659,1784,-8,1646
20231000040025,2023,10,0025,0004,198.89,273.42,-74.53,1601,1857,-3,1584
20231000280032,2023,10,0032,0028,158.18,143,15.18,1609,1575,19,1618
20231000170029,2023,10,0029,0017,248.35,232.84,15.51,1702,1983,33,1762
20231000300035,2023,10,0035,0030,218.48,181.75,36.73,1600,1651,24,1650
20231000140020,2023,10,0020,0014,172.89,206.12,-33.23,1552,1567,-14,1536
20231000240003,2023,10,0003,0024,203.58,269.34,-65.76,1774,1832,-11,1754
20231000230009,2023,10,0009,0023,175.24,241.29,-66.05,1549,1743,-5,1541
20231000190008,2023,10,0008,0019,229.08,182.07,47.01,1601,1766,30,1627
20231000220027,2023,10,0027,0022,159.87,221.68,-61.81,1489,1776,-2,1486
20231000340001,2023,10,0001,0034,209.65,258.62,-48.97,1478,1743,-3,1472
20231000100018,2023,10,0018,0010,242.84,215.18,27.66,1664,1668,22,1708
20231000050011,2023,10,0011,0005,231.13,222.47,8.66,1887,1820,17,1920
20231000330007,2023,10,0007,0033,267.43,225.73,41.7,1839,1687,14,1864
20231000020012,2023,10,0012,0002,227.98,233.91,-5.93,1794,1769,-17,1788
20231000150029,2023,10,0029,0015,248.35,198.36,49.99,1702,1791,27,1762
20231000360020,2023,10,0020,0036,172.89,193.95,-21.06,1552,1884,-2,1536
20231000260035,2023,10,0035,0026,218.48,204.7,13.78,1600,1702,26,1650
20231000060013,2023,10,0013,0006,206.5,243.16,-36.66,1659,1869,-5,1646
20231000160032,2023,10,0032,0016,158.18,288.72,-130.54,1609,1678,-10,1618
20231000310025,2023,10,0025,0031,198.89,213.67,-14.78,1601,1617,-14,1584
20231000210017,2023,10,0017,0021,232.84,251.88,-19.04,1983,1784,-24,1932
20231000040030,2023,10,0030,0004,181.75,273.42,-91.67,1651,1857,-4,1630
20231000280014,2023,10,0014,0028,206.12,143,63.12,1567,1575,23,1611
20231000240022,2023,10,0024,0022,269.34,221.68,47.66,1832,1776,19,1870
20231000230010,2023,10,0023,0010,241.29,215.18,26.11,1743,1668,17,1773
20231000190034,2023,10,0019,0034,182.07,258.62,-76.55,1766,1743,-15,1729
20231000050027,2023,10,0005,0027,222.47,159.87,62.6,1820,1489,8,1816
20231000330018,2023,10,0033,0018,225.73,242.84,-17.11,1687,1664,-16,1664
20231000020001,2023,10,0002,0001,233.91,209.65,24.26,1769,1478,9,1799
20231000110003,2023,10,0011,0003,231.13,203.58,27.55,1887,1774,16,1920
20231000070008,2023,10,0007,0008,267.43,229.08,38.35,1839,1601,11,1864
20231000120009,2023,10,0012,0009,227.98,175.24,52.74,1794,1549,11,1788
20231000150006,2023,10,0015,0006,198.36,243.16,-44.8,1791,1869,-10,1763
20231000360031,2023,10,0036,0031,193.95,213.67,-19.72,1884,1617,-26,1865
20231000260016,2023,10,0026,0016,204.7,288.72,-84.02,1702,1678,-15,1667
20231000210013,2023,10,0021,0013,251.88,206.5,45.38,1784,1659,15,1830
20231000040025,2023,10,0004,0025,273.42,198.89,74.53,1857,1601,11,1881
20231000280032,2023,10,0028,0032,143,158.18,-15.18,1575,1609,-14,1547
20231000170029,2023,10,0017,0029,232.84,248.35,-15.51,1983,1702,-27,1932
20231000300035,2023,10,0030,0035,181.75,218.48,-36.73,1651,1600,-17,1630
20231000140020,2023,10,0014,0020,206.12,172.89,33.23,1567,1552,21,1611
20231000240003,2023,10,0024,0003,269.34,203.58,65.76,1832,1774,19,1870
20231000230009,2023,10,0023,0009,241.29,175.24,66.05,1743,1549,13,1773
20231000190008,2023,10,0019,0008,182.07,229.08,-47.01,1766,1601,-22,1729
20231000220027,2023,10,0022,0027,221.68,159.87,61.81,1776,1489,9,1774
20231000340001,2023,10,0034,0001,258.62,209.65,48.97,1743,1478,10,1777
20231000100018,2023,10,0010,0018,215.18,242.84,-27.66,1668,1664,-15,1642
20231000050011,2023,10,0005,0011,222.47,231.13,-8.66,1820,1887,-12,1816
20231000330007,2023,10,0033,0007,225.73,267.43,-41.7,1687,1839,-7,1664
20231000020012,2023,10,0002,0012,233.91,227.98,5.93,1769,1794,21,1799
20231000150029,2023,10,0015,0029,198.36,248.35,-49.99,1791,1702,-18,1763
20231000360020,2023,10,0036,0020,193.95,172.89,21.06,1884,1552,7,1865
20231000260035,2023,10,0026,0035,204.7,218.48,-13.78,1702,1600,-20,1667
20231000060013,2023,10,0006,0013,243.16,206.5,36.66,1869,1659,12,1899
20231000160032,2023,10,0016,0032,288.72,158.18,130.54,1678,1609,19,1721
20231000310025,2023,10,0031,0025,213.67,198.89,14.78,1617,1601,20,1670
20231000210017,2023,10,0021,0017,251.88,232.84,19.04,1784,1983,31,1830
20231000040030,2023,10,0004,0030,273.42,181.75,91.67,1857,1651,13,1881
20231000280014,2023,10,0028,0014,143,206.12,-63.12,1575,1567,-14,1547
20231100240034,2023,11,0034,0024,233.5,305.72,-72.22,1777,1870,-9,1750
20231100230022,2023,11,0022,0023,269.68,207.88,61.8,1774,1773,22,1805
20231100190010,2023,11,0010,0019,160.89,226.54,-65.65,1642,1729,-10,1610
20231100050001,2023,11,0001,0005,165.42,229.76,-64.34,1472,1816,-1,1470
20231100330027,2023,11,0027,0033,203.13,175.46,27.67,1486,1664,30,1546
20231100020018,2023,11,0018,0002,276.22,209.26,66.96,1708,1799,27,1760
20231100110009,2023,11,0009,0011,181.64,191.64,-10,1541,1920,-2,1538
20231100070003,2023,11,0003,0007,211.05,229.84,-18.79,1754,1864,-10,1728
20231100120008,2023,11,0008,0012,183.58,241.38,-57.8,1627,1788,-6,1613
20231100150016,2023,11,0016,0015,227.36,225.61,1.75,1721,1763,21,1756
20231100360006,2023,11,0006,0036,237.86,247.22,-9.36,1899,1865,-17,1890
20231100260031,2023,11,0031,0026,228.54,215.4,13.14,1670,1667,20,1708
20231100210032,2023,11,0032,0021,229.7,287.1,-57.4,1618,1830,-4,1610
20231100040013,2023,11,0013,0004,227.1,231.26,-4.16,1646,1881,-6,1624
20231100280025,2023,11,0025,0028,197.54,179.6,17.94,1584,1547,19,1595
20231100170020,2023,11,0020,0017,201.36,189.64,11.72,1536,1932,36,1567
20231100300029,2023,11,0029,0030,254.59,241.28,13.31,1762,1630,14,1793
20231100140035,2023,11,0035,0014,142.94,207,-64.06,1650,1611,-16,1630
20231100240009,2023,11,0009,0024,181.64,305.72,-124.08,1541,1870,-1,1538
20231100230008,2023,11,0008,0023,183.58,207.88,-24.3,1627,1773,-8,1613
20231100190003,2023,11,0003,0019,211.05,226.54,-15.49,1754,1729,-16,1728
20231100220001,2023,11,0001,0022,165.42,269.68,-104.26,1472,1774,-1,1470
20231100340018,2023,11,0018,0034,276.22,233.5,42.72,1708,1777,25,1760
20231100100027,2023,11,0027,0010,203.13,160.89,42.24,1486,1642,30,1546
20231100050007,2023,11,0007,0005,229.84,229.76,0.08,1864,1816,16,1895
20231100330012,2023,11,0012,0033,241.38,175.46,65.92,1788,1664,16,1818
20231100020011,2023,11,0011,0002,191.64,209.26,-17.62,1920,1799,-21,1905
20231100150020,2023,11,0020,0015,201.36,225.61,-24.25,1536,1763,-5,1567
20231100360035,2023,11,0035,0036,142.94,247.22,-104.28,1650,1865,-4,1630
20231100260029,2023,11,0029,0026,254.59,215.4,39.19,1762,1667,17,1793
20231100060032,2023,11,0032,0006,229.7,237.86,-8.16,1618,1899,-4,1610
20231100160025,2023,11,0025,0016,197.54,227.36,-29.82,1584,1721,-8,1595
20231100310013,2023,11,0013,0031,227.1,228.54,-1.44,1646,1670,-16,1624
20231100210030,2023,11,0030,0021,241.28,287.1,-45.82,1630,1830,-5,1616
20231100040014,2023,11,0014,0004,207,231.26,-24.26,1611,1881,-3,1632
20231100280017,2023,11,0017,0028,189.64,179.6,10.04,1932,1547,6,1908
20231100240034,2023,11,0024,0034,305.72,233.5,72.22,1870,1777,17,1896
20231100230022,2023,11,0023,0022,207.88,269.68,-61.8,1773,1774,-14,1773
20231100190010,2023,11,0019,0010,226.54,160.89,65.65,1729,1642,18,1769
20231100050001,2023,11,0005,0001,229.76,165.42,64.34,1816,1472,8,1809
20231100330027,2023,11,0033,0027,175.46,203.13,-27.67,1664,1486,-23,1633
20231100020018,2023,11,0002,0018,209.26,276.22,-66.96,1799,1708,-18,1808
20231100110009,2023,11,0011,0009,191.64,181.64,10,1920,1541,6,1905
20231100070003,2023,11,0007,0003,229.84,211.05,18.79,1864,1754,15,1895
20231100120008,2023,11,0012,0008,241.38,183.58,57.8,1788,1627,14,1818
20231100150016,2023,11,0015,0016,225.61,227.36,-1.75,1763,1721,-19,1755
20231100360006,2023,11,0036,0006,247.22,237.86,9.36,1865,1899,22,1899
20231100260031,2023,11,0026,0031,215.4,228.54,-13.14,1667,1670,-15,1642
20231100210032,2023,11,0021,0032,287.1,229.7,57.4,1830,1618,12,1854
20231100040013,2023,11,0004,0013,231.26,227.1,4.16,1881,1646,9,1899
20231100280025,2023,11,0028,0025,179.6,197.54,-17.94,1547,1584,-13,1533
20231100170020,2023,11,0017,0020,189.64,201.36,-11.72,1932,1536,-30,1908
20231100300029,2023,11,0030,0029,241.28,254.59,-13.31,1630,1762,-9,1616
20231100140035,2023,11,0014,0035,207,142.94,64.06,1611,1650,24,1632
20231100240009,2023,11,0024,0009,305.72,181.64,124.08,1870,1541,9,1896
20231100230008,2023,11,0023,0008,207.88,183.58,24.3,1773,1627,14,1773
20231100190003,2023,11,0019,0003,226.54,211.05,15.49,1729,1754,22,1769
20231100220001,2023,11,0022,0001,269.68,165.42,104.26,1774,1472,9,1805
20231100340018,2023,11,0034,0018,233.5,276.22,-42.72,1777,1708,-18,1750
20231100100027,2023,11,0010,0027,160.89,203.13,-42.24,1642,1486,-22,1610
20231100050007,2023,11,0005,0007,229.76,229.84,-0.08,1816,1864,-15,1809
20231100330012,2023,11,0033,0012,175.46,241.38,-65.92,1664,1788,-8,1633
20231100020011,2023,11,0002,0011,209.26,191.64,17.62,1799,1920,27,1808
20231100150020,2023,11,0015,0020,225.61,201.36,24.25,1763,1536,11,1755
20231100360035,2023,11,0036,0035,247.22,142.94,104.28,1865,1650,12,1899
20231100260029,2023,11,0026,0029,215.4,254.59,-39.19,1667,1762,-10,1642
20231100060032,2023,11,0006,0032,237.86,229.7,8.16,1899,1618,8,1890
20231100160025,2023,11,0016,0025,227.36,197.54,29.82,1721,1584,14,1756
20231100310013,2023,11,0031,0013,228.54,227.1,1.44,1670,1646,18,1708
20231100210030,2023,11,0021,0030,287.1,241.28,45.82,1830,1630,12,1854
20231100040014,2023,11,0004,0014,231.26,207,24.26,1881,1611,9,1899
20231100280017,2023,11,0028,0017,179.6,189.64,-10.04,1547,1932,-1,1533
20231200240010,2023,12,0010,0024,224.08,255.66,-31.58,1610,1896,-3,1621
20231200230019,2023,12,0019,0023,275.08,212.32,62.76,1769,1773,22,1802
20231200220034,2023,12,0034,0022,243.68,204.32,39.36,1750,1805,25,1786
20231200050018,2023,12,0018,0005,273.36,247.18,26.18,1760,1809,24,1809
20231200330002,2023,12,0002,0033,206.54,251.89,-45.35,1808,1633,-22,1777
20231200270001,2023,12,0001,0027,205.3,220.05,-14.75,1470,1546,-11,1451
20231200110008,2023,12,0008,0011,214.52,200.3,14.22,1613,1905,33,1643
20231200070012,2023,12,0012,0007,209.82,285.55,-75.73,1818,1895,-10,1793
20231200030009,2023,12,0009,0003,230.68,238.36,-7.68,1538,1728,-7,1527
20231200150031,2023,12,0031,0015,196.06,195.34,0.72,1708,1755,21,1708
20231200360026,2023,12,0026,0036,260.7,287.26,-26.56,1642,1899,-4,1656
20231200060016,2023,12,0016,0006,232.48,214.42,18.06,1756,1890,28,1761
20231200210025,2023,12,0025,0021,245.56,298.6,-53.04,1595,1854,-3,1626
20231200040028,2023,12,0028,0004,200.6,248.58,-47.98,1533,1899,-1,1520
20231200130032,2023,12,0032,0013,202.76,235.42,-32.66,1610,1624,-14,1621
20231200170035,2023,12,0035,0017,177.24,288.06,-110.82,1630,1908,-2,1619
20231200300014,2023,12,0014,0030,198.58,205.66,-7.08,1632,1616,-17,1611
20231200290020,2023,12,0020,0029,206.94,242.17,-35.23,1567,1793,-4,1553
20231200240008,2023,12,0008,0024,214.52,255.66,-41.14,1613,1896,-3,1643
20231200230003,2023,12,0003,0023,238.36,212.32,26.04,1728,1773,24,1763
20231200190009,2023,12,0009,0019,230.68,275.08,-44.4,1538,1769,-4,1527
20231200220018,2023,12,0018,0022,273.36,204.32,69.04,1760,1805,25,1809
20231200340027,2023,12,0027,0034,220.05,243.68,-23.63,1546,1750,-6,1557
20231200100001,2023,12,0001,0010,205.3,224.08,-18.78,1470,1610,-8,1451
20231200050012,2023,12,0012,0005,209.82,247.18,-37.36,1818,1809,-15,1793
20231200330011,2023,12,0011,0033,200.3,251.89,-51.59,1905,1633,-25,1853
20231200020007,2023,12,0007,0002,285.55,206.54,79.01,1895,1808,18,1931
20231200150035,2023,12,0035,0015,177.24,195.34,-18.1,1630,1755,-9,1619
20231200360029,2023,12,0029,0036,242.17,287.26,-45.09,1793,1899,-9,1795
20231200260020,2023,12,0020,0026,206.94,260.7,-53.76,1567,1642,-10,1553
20231200060025,2023,12,0025,0006,245.56,214.42,31.14,1595,1890,34,1626
20231200160013,2023,12,0013,0016,235.42,232.48,2.94,1624,1756,26,1671
20231200310032,2023,12,0032,0031,202.76,196.06,6.7,1610,1708,25,1621
20231200210014,2023,12,0014,0021,198.58,298.6,-100.02,1632,1854,-4,1611
20231200040017,2023,12,0017,0004,288.06,248.58,39.48,1908,1899,21,1939
20231200280030,2023,12,0030,0028,205.66,200.6,5.06,1616,1533,16,1653
20231200240010,2023,12,0024,0010,255.66,224.08,31.58,1896,1610,9,1914
20231200230019,2023,12,0023,0019,212.32,275.08,-62.76,1773,1769,-14,1742
20231200220034,2023,12,0022,0034,204.32,243.68,-39.36,1805,1750,-17,1772
20231200050018,2023,12,0005,0018,247.18,273.36,-26.18,1809,1760,-17,1814
20231200330002,2023,12,0033,0002,251.89,206.54,45.35,1633,1808,31,1698
20231200270001,2023,12,0027,0001,220.05,205.3,14.75,1546,1470,17,1557
20231200110008,2023,12,0011,0008,200.3,214.52,-14.22,1905,1613,-27,1853
20231200070012,2023,12,0007,0012,285.55,209.82,75.73,1895,1818,18,1931
20231200030009,2023,12,0003,0009,238.36,230.68,7.68,1728,1538,11,1763
20231200150031,2023,12,0015,0031,195.34,196.06,-0.72,1755,1708,-20,1750
20231200360026,2023,12,0036,0026,287.26,260.7,26.56,1899,1642,10,1925
20231200060016,2023,12,0006,0016,214.42,232.48,-18.06,1890,1756,-21,1843
20231200210025,2023,12,0021,0025,298.6,245.56,53.04,1854,1595,10,1876
20231200040028,2023,12,0004,0028,248.58,200.6,47.98,1899,1533,7,1892
20231200130032,2023,12,0013,0032,235.42,202.76,32.66,1624,1610,21,1671
20231200170035,2023,12,0017,0035,288.06,177.24,110.82,1908,1630,10,1939
20231200300014,2023,12,0030,0014,205.66,198.58,7.08,1616,1632,21,1653
20231200290020,2023,12,0029,0020,242.17,206.94,35.23,1793,1567,11,1795
20231200240008,2023,12,0024,0008,255.66,214.52,41.14,1896,1613,9,1914
20231200230003,2023,12,0023,0003,212.32,238.36,-26.04,1773,1728,-17,1742
20231200190009,2023,12,0019,0009,275.08,230.68,44.4,1769,1538,11,1802
20231200220018,2023,12,0022,0018,204.32,273.36,-69.04,1805,1760,-16,1772
20231200340027,2023,12,0034,0027,243.68,220.05,23.63,1750,1546,11,1786
20231200100001,2023,12,0010,0001,224.08,205.3,18.78,1610,1470,14,1621
20231200050012,2023,12,0005,0012,247.18,209.82,37.36,1809,1818,22,1814
20231200330011,2023,12,0033,0011,251.89,200.3,51.59,1633,1905,34,1698
20231200020007,2023,12,0002,0007,206.54,285.55,-79.01,1808,1895,-9,1777
20231200150035,2023,12,0015,0035,195.34,177.24,18.1,1755,1630,15,1750
20231200360029,2023,12,0036,0029,287.26,242.17,45.09,1899,1793,16,1925
20231200260020,2023,12,0026,0020,260.7,206.94,53.76,1642,1567,18,1656
20231200060025,2023,12,0006,0025,214.42,245.56,-31.14,1890,1595,-26,1843
20231200160013,2023,12,0016,0013,232.48,235.42,-2.94,1756,1624,-23,1761
20231200310032,2023,12,0031,0032,196.06,202.76,-6.7,1708,1610,-21,1708
20231200210014,2023,12,0021,0014,298.6,198.58,100.02,1854,1632,12,1876
20231200040017,2023,12,0004,0017,248.58,288.06,-39.48,1899,1908,-14,1892
20231200280030,2023,12,0028,0030,200.6,205.66,-5.06,1533,1616,-12,1520
20231300200018,2023,13,0018,0020,241.36,168.15,73.21,1809,1553,11,1839
20231300290007,2023,13,0007,0029,313.58,224.94,88.64,1931,1795,16,1956
20231300150034,2023,13,0034,0015,258.08,179.21,78.87,1786,1750,20,1820
20231300130011,2023,13,0011,0013,224.56,257.4,-32.84,1853,1671,-23,1805
20231300210005,2023,13,0005,0021,244.06,245.22,-1.16,1814,1876,-14,1813
20231300160024,2023,13,0024,0016,242.26,172.78,69.48,1914,1761,15,1910
20231300320010,2023,13,0010,0032,205.37,156.56,48.81,1621,1621,22,1631
20231300350023,2023,13,0023,0035,164.6,188.18,-23.58,1742,1619,-21,1706
20231300300022,2023,13,0022,0030,163.6,229.42,-65.82,1772,1653,-19,1727
20231300360009,2023,13,0009,0036,168.4,276.22,-107.82,1527,1925,1,1526
20231300260019,2023,13,0019,0026,201.92,263.12,-61.2,1802,1656,-21,1789
20231300280027,2023,13,0027,0028,164.18,187.32,-23.14,1557,1520,-17,1536
20231300140012,2023,13,0012,0014,192.68,160.78,31.9,1793,1611,13,1819
20231300310033,2023,13,0033,0031,178.16,243.28,-65.12,1698,1708,-13,1681
20231300170002,2023,13,0002,0017,213.9,279.96,-66.06,1777,1939,-6,1751
20231300060003,2023,13,0003,0006,175.81,216.6,-40.79,1763,1843,-10,1733
20231300040001,2023,13,0001,0004,207.56,245.5,-37.94,1451,1892,0,1452
20231300250008,2023,13,0008,0025,200.22,242.88,-42.66,1643,1626,-15,1625
20231300090006,2023,13,0006,0009,216.6,168.4,48.2,1843,1527,8,1869
20231300180015,2023,13,0015,0018,179.21,241.36,-62.15,1750,1809,-11,1727
20231300330036,2023,13,0036,0033,276.22,178.16,98.06,1925,1698,12,1944
20231300340014,2023,13,0014,0034,160.78,258.08,-97.3,1611,1786,-5,1600
20231300050031,2023,13,0031,0005,243.28,244.06,-0.78,1708,1814,-12,1718
20231300220020,2023,13,0020,0022,168.15,163.6,4.55,1553,1772,30,1580
20231300080004,2023,13,0004,0008,245.5,200.22,45.28,1892,1643,10,1908
20231300020026,2023,13,0026,0002,263.12,213.9,49.22,1656,1777,28,1714
20231300070035,2023,13,0035,0007,188.18,313.58,-125.4,1619,1931,-1,1646
20231300230016,2023,13,0016,0023,172.78,164.6,8.18,1761,1742,19,1773
20231300120032,2023,13,0032,0012,156.56,192.68,-36.12,1621,1793,-6,1601
20231300110030,2023,13,0030,0011,229.42,224.56,4.86,1653,1853,29,1710
20231300010017,2023,13,0017,0001,279.96,207.56,72.4,1939,1451,6,1959
20231300240021,2023,13,0021,0024,245.22,242.26,2.96,1876,1914,21,1913
20231300030025,2023,13,0025,0003,242.88,175.81,67.07,1626,1763,29,1678
20231300190028,2023,13,0028,0019,187.32,201.92,-14.6,1520,1802,-3,1540
20231300270029,2023,13,0029,0027,224.94,164.18,60.76,1795,1557,11,1799
20231300100013,2023,13,0013,0010,257.4,205.37,52.03,1671,1621,19,1720
20231300200018,2023,13,0020,0018,168.15,241.36,-73.21,1553,1809,-3,1580
20231300290007,2023,13,0029,0007,224.94,313.58,-88.64,1795,1931,-7,1799
20231300150034,2023,13,0015,0034,179.21,258.08,-78.87,1750,1786,-12,1727
20231300130011,2023,13,0013,0011,257.4,224.56,32.84,1671,1853,30,1720
20231300210005,2023,13,0021,0005,245.22,244.06,1.16,1876,1814,16,1913
20231300160024,2023,13,0016,0024,172.78,242.26,-69.48,1761,1914,-7,1773
20231300320010,2023,13,0032,0010,156.56,205.37,-48.81,1621,1621,-14,1601
20231300350023,2023,13,0035,0023,188.18,164.6,23.58,1619,1742,28,1646
20231300300022,2023,13,0030,0022,229.42,163.6,65.82,1653,1772,28,1710
20231300360009,2023,13,0036,0009,276.22,168.4,107.82,1925,1527,7,1944
20231300260019,2023,13,0026,0019,263.12,201.92,61.2,1656,1802,30,1714
20231300280027,2023,13,0028,0027,187.32,164.18,23.14,1520,1557,23,1540
20231300140012,2023,13,0014,0012,160.78,192.68,-31.9,1611,1793,-6,1600
20231300310033,2023,13,0031,0033,243.28,178.16,65.12,1708,1698,22,1718
20231300170002,2023,13,0017,0002,279.96,213.9,66.06,1939,1777,14,1959
20231300060003,2023,13,0006,0003,216.6,175.81,40.79,1843,1763,18,1869
20231300040001,2023,13,0004,0001,245.5,207.56,37.94,1892,1451,6,1908
20231300250008,2023,13,0025,0008,242.88,200.22,42.66,1626,1643,23,1678
20231300090006,2023,13,0009,0006,168.4,216.6,-48.2,1527,1843,-2,1526
20231300180015,2023,13,0018,0015,241.36,179.21,62.15,1809,1750,19,1839
20231300330036,2023,13,0033,0036,178.16,276.22,-98.06,1698,1925,-4,1681
20231300340014,2023,13,0034,0014,258.08,160.78,97.3,1786,1611,14,1820
20231300050031,2023,13,0005,0031,244.06,243.28,0.78,1814,1708,13,1813
20231300220020,2023,13,0022,0020,163.6,168.15,-4.55,1772,1553,-26,1727
20231300080004,2023,13,0008,0004,200.22,245.5,-45.28,1643,1892,-3,1625
20231300020026,2023,13,0002,0026,213.9,263.12,-49.22,1777,1656,-20,1751
20231300070035,2023,13,0007,0035,313.58,188.18,125.4,1931,1619,9,1956
20231300230016,2023,13,0023,0016,164.6,172.78,-8.18,1742,1761,-15,1706
20231300120032,2023,13,0012,0032,192.68,156.56,36.12,1793,1621,13,1819
20231300110030,2023,13,0011,0030,224.56,229.42,-4.86,1853,1653,-25,1805
20231300010017,2023,13,0001,0017,207.56,279.96,-72.4,1451,1939,1,1452
20231300240021,2023,13,0024,0021,242.26,245.22,-2.96,1914,1876,-19,1910
20231300030025,2023,13,0003,0025,175.81,242.88,-67.07,1763,1626,-20,1733
20231300190028,2023,13,0019,0028,201.92,187.32,14.6,1802,1520,8,1789
20231300270029,2023,13,0027,0029,164.18,224.94,-60.76,1557,1795,-4,1536
20231300100013,2023,13,0010,0013,205.37,257.4,-52.03,1621,1671,-12,1631
