"season","week","mfl_id","gsis_id","position","team","opponent_id","score","score_diff","player_elo_pre","opponent_elo_pre","elo_shift","player_elo_post","opponent_elo_post"
2016,"1","12233","00-0032109","LB","TB","ATL_LB_OPP",36,25,1500,1500,21,1521,1498
2016,"1","10261","00-0027942","WR","CIN","NYJ_WR_OPP",36,24.5,1500,1500,21,1521,1502
2016,"1","10695","00-0029668","QB","IND","DET_QB_OPP",35.5,16.56,1500,1500,21,1521,1479
2016,"1","8268","00-0024242","RB","PIT","WAS_RB_OPP",35.1,24.4,1500,1500,21,1521,1504
2016,"1","11674","00-0031236","WR","NO","LV_WR_OPP",33.4,21.9,1500,1500,21,1521,1489
2016,"1","11199","00-0030414","RB","KC","LAC_RB_OPP",32.9,22.2,1500,1500,21,1521,1507
2016,"1","9988","00-0027793","WR","PIT","WAS_WR_OPP",32.6,21.1,1500,1500,21,1521,1498
2016,"1","4925","00-0020531","QB","NO","LV_QB_OPP",32.42,13.48,1500,1500,21,1521,1479
2016,"1","11951","00-0030663","WR","NO","LV_WR_OPP",32.2,20.7,1500,1500,21,1521,1489
2016,"1","11454","00-0029854","RB","DEN","CAR_RB_OPP",29.9,19.2,1500,1500,21,1521,1507
2016,"1","7813","00-0023436","QB","KC","LAC_QB_OPP",29.02,10.08,1500,1500,20,1520,1480
2016,"1","7393","00-0022921","WR","ARI","NE_WR_OPP",28.1,16.6,1500,1500,21,1521,1509
2016,"1","11188","00-0030107","RB","DET","IND_RB_OPP",27.8,17.1,1500,1500,21,1521,1498
2016,"1","12140","00-0031503","QB","TB","ATL_QB_OPP",26.54,7.6,1500,1500,20,1520,1480
2016,"1","9431","00-0026498","QB","DET","IND_QB_OPP",26.1,7.16,1500,1500,20,1520,1480
2016,"1","11293","00-0030527","LB","LA","SF_LB_OPP",25,14,1500,1500,21,1521,1507
2016,"1","11676","00-0031299","WR","PHI","CLE_WR_OPP",24.4,12.9,1500,1500,21,1521,1498
2016,"1","9099","00-0026143","QB","ATL","TB_QB_OPP",24.36,5.42,1500,1500,20,1520,1480
2016,"1","10527","00-0028434","WR","SEA","MIA_WR_OPP",24.2,12.7,1500,1500,21,1521,1509
2016,"1","10302","00-0028009","RB","TEN","MIN_RB_OPP",23.7,13,1500,1500,21,1521,1507
2016,"1","7836","00-0023459","QB","GB","JAX_QB_OPP",23.56,4.62,1500,1500,20,1520,1480
2016,"1","11657","00-0031045","RB","SF","LA_RB_OPP",23.3,12.6,1500,1500,21,1521,1504
2016,"1","12171","00-0032187","RB","ARI","NE_RB_OPP",23.2,12.5,1500,1500,21,1521,1504
2016,"1","12155","00-0032104","RB","DET","IND_RB_OPP",23,12.3,1500,1500,21,1521,1498
2016,"1","12239","00-0031554","LB","MIN","TEN_LB_OPP",23,12,1500,1500,21,1521,1504
2016,"1","10339","00-0028022","LB","WAS","PIT_LB_OPP",23,12,1500,1500,21,1521,1503
2016,"1","9693","00-0026019","RB","LAC","KC_RB_OPP",23,12.3,1500,1500,21,1521,1492
2016,"1","7401","00-0022924","QB","PIT","WAS_QB_OPP",22.8,3.86,1500,1500,20,1520,1480
2016,"1","11644","00-0031280","QB","LV","NO_QB_OPP",22.36,3.42,1500,1500,19,1519,1481
2016,"1","10273","00-0027939","QB","CAR","DEN_QB_OPP",22.16,3.22,1500,1500,19,1519,1498
2016,"1","11722","00-0031365","LB","PIT","WAS_LB_OPP",22,11,1500,1500,20,1520,1510
2016,"1","10879","00-0029577","LB","CHI","HOU_LB_OPP",22,11,1500,1500,20,1520,1509
2016,"1","10341","00-0028027","DB","BAL","BUF_DB_OPP",22,11,1500,1500,20,1520,1511
2016,"1","12647","00-0033127","WR","HOU","CHI_WR_OPP",21.7,10.2,1500,1500,20,1520,1498
2016,"1","12175","00-0031544","WR","LV","NO_WR_OPP",21.7,10.2,1500,1500,20,1520,1501
2016,"1","11673","00-0031359","WR","CAR","DEN_WR_OPP",21.1,9.6,1500,1500,20,1520,1507
2016,"1","11788","00-0031052","DB","WAS","PIT_DB_OPP",21,10,1500,1500,20,1520,1504
2016,"1","10833","00-0029529","DB","LA","SF_DB_OPP",21,10,1500,1500,20,1520,1498
2016,"1","9864","00-0027676","DB","GB","JAX_DB_OPP",21,10,1500,1500,20,1520,1504
2016,"1","10723","00-0029632","WR","ATL","TB_WR_OPP",21,9.5,1500,1500,20,1520,1498
2016,"1","11012","00-0028834","LB","NO","LV_LB_OPP",21,10,1500,1500,20,1520,1504
2016,"1","11671","00-0031408","WR","TB","ATL_WR_OPP",20.9,9.4,1500,1500,20,1520,1509
2016,"1","9122","00-0026184","RB","NYJ","CIN_RB_OPP",20.5,9.8,1500,1500,20,1520,1498
2016,"1","9966","00-0027762","DB","MIA","SEA_DB_OPP",20,9,1500,1500,20,1520,1507
2016,"1","12248","00-0031546","DB","MIN","TEN_DB_OPP",20,9,1500,1500,20,1520,1502
2016,"1","10773","00-0029248","LB","CAR","DEN_LB_OPP",20,9,1500,1500,20,1520,1504
2016,"1","10847","00-0029212","LB","DET","IND_LB_OPP",20,9,1500,1500,20,1520,1507
2016,"1","7391","00-0022803","QB","NYG","DAL_QB_OPP",19.28,0.34,1500,1500,18,1518,1482
2016,"1","12610","00-0032950","QB","PHI","CLE_QB_OPP",19.22,0.28,1500,1500,18,1518,1482
2016,"1","9525","00-0026901","WR","BAL","BUF_WR_OPP",19.2,7.7,1500,1500,20,1520,1510
2016,"1","11327","00-0030294","DB","ARI","NE_DB_OPP",19,8,1500,1500,20,1520,1506
2016,"1","9853","00-0027881","LB","BUF","BAL_LB_OPP",19,8,1500,1500,20,1520,1498
2016,"1","12221","00-0031565","DL","MIN","TEN_DL_OPP",19,11,1500,1500,20,1520,1504
2016,"1","12225","00-0031933","DL","NYJ","CIN_DL_OPP",19,11,1500,1500,20,1520,1498
2016,"1","6929","00-0021429","QB","ARI","NE_QB_OPP",18.94,0,1500,1500,0,1500,1500
2016,"1","12141","00-0032268","QB","TEN","MIN_QB_OPP",18.74,-0.2,1500,1500,-18,1482,1518
2016,"1","11516","00-0030181","TE","IND","DET_TE_OPP",18.5,9.1,1500,1500,20,1520,1492
2016,"1","11677","00-0031339","WR","IND","DET_WR_OPP",18.4,6.9,1500,1500,20,1520,1490
2016,"1","11850","00-0031023","WR","NYJ","CIN_WR_OPP",18.4,6.9,1500,1500,20,1520,1504
2016,"1","10313","00-0027973","QB","CIN","NYJ_QB_OPP",18.34,-0.6,1500,1500,-18,1482,1518
2016,"1","10143","00-0026564","DL","NYJ","CIN_DL_OPP",18,10,1500,1500,20,1520,1498
2016,"1","11347","00-0030538","DB","JAX","GB_DB_OPP",18,7,1500,1500,20,1520,1510
2016,"1","10314","00-0027968","DL","NYJ","CIN_DL_OPP",18,10,1500,1500,20,1520,1498
2016,"1","10350","00-0028037","LB","SEA","MIA_LB_OPP",18,7,1500,1500,20,1520,1499
2016,"1","10351","00-0028038","DB","TEN","MIN_DB_OPP",18,7,1500,1500,20,1520,1508
2016,"1","11292","00-0030278","LB","LAC","KC_LB_OPP",18,7,1500,1500,20,1520,1512
2016,"1","12276","00-0032195","DB","BUF","BAL_DB_OPP",18,7,1500,1500,20,1520,1509
2016,"1","11632","00-0029869","LB","WAS","PIT_LB_OPP",18,7,1500,1500,20,1520,1503
2016,"1","12731","00-0031782","WR","PIT","WAS_WR_OPP",17.9,6.4,1500,1500,20,1520,1498
2016,"1","12912","00-0033025","RB","LV","NO_RB_OPP",17.8,7.1,1500,1500,20,1520,1502
2016,"1","12151","00-0032144","RB","LAC","KC_RB_OPP",17.7,7,1500,1500,20,1520,1492
2016,"1","9120","00-0026182","WR","CHI","HOU_WR_OPP",17.7,6.2,1500,1500,20,1520,1502
2016,"1","9427","00-0026986","WR","LV","NO_WR_OPP",17.7,6.2,1500,1500,20,1520,1501
2016,"1","10702","00-0029682","QB","HOU","CHI_QB_OPP",17.64,-1.3,1500,1500,-17,1483,1517
2016,"1","10372","00-0028067","TE","JAX","GB_TE_OPP",17.4,8,1500,1500,20,1520,1507
2016,"1","10742","00-0029689","TE","IND","DET_TE_OPP",17.3,7.9,1500,1500,20,1520,1492
2016,"1","12186","00-0031588","WR","MIN","TEN_WR_OPP",17.2,5.7,1500,1500,20,1520,1507
2016,"1","9436","00-0026995","WR","KC","LAC_WR_OPP",17.2,5.7,1500,1500,20,1520,1509
2016,"1","10754","00-0029643","LB","HOU","CHI_LB_OPP",17,6,1500,1500,20,1520,1492
2016,"1","12733","00-0031999","LB","KC","LAC_LB_OPP",17,6,1500,1500,20,1520,1498
2016,"1","11775","00-0031171","LB","BUF","BAL_LB_OPP",17,6,1500,1500,20,1520,1498
2016,"1","11308","00-0030401","LB","MIA","SEA_LB_OPP",17,6,1500,1500,20,1520,1504
2016,"1","9846","00-0027647","DB","NE","ARI_DB_OPP",17,6,1500,1500,20,1520,1508
2016,"1","12742","00-0033050","DB","MIA","SEA_DB_OPP",17,6,1500,1500,20,1520,1507
2016,"1","9448","00-0027029","RB","BUF","BAL_RB_OPP",17,6.3,1500,1500,20,1520,1504
2016,"1","12153","00-0032209","RB","JAX","GB_RB_OPP",16.9,6.2,1500,1500,20,1520,1504
2016,"1","10506","00-0028660","K","DAL","NYG_K_OPP",16.8,7.8,1500,1500,20,1520,1480
2016,"1","12152","00-0032058","RB","ATL","TB_RB_OPP",16.7,6,1500,1500,20,1520,1504
2016,"1","10271","00-0027944","WR","ATL","TB_WR_OPP",16.6,5.1,1500,1500,20,1520,1498
2016,"1","11232","00-0030564","WR","HOU","CHI_WR_OPP",16.4,4.9,1500,1500,20,1520,1498
2016,"1","9075","00-0026189","WR","WAS","PIT_WR_OPP",16.2,4.7,1500,1500,20,1520,1502
2016,"1","11760","00-0031345","QB","NE","ARI_QB_OPP",16.06,-2.88,1500,1500,-17,1483,1517
2016,"1","8062","00-0023682","QB","NYJ","CIN_QB_OPP",16.06,-2.88,1500,1500,-17,1483,1517
2016,"1","11326","00-0030530","DB","LA","SF_DB_OPP",16,5,1500,1500,20,1520,1498
2016,"1","11642","00-0031407","QB","JAX","GB_QB_OPP",16,-2.94,1500,1500,-17,1483,1517
2016,"1","12291","00-0032150","DB","KC","LAC_DB_OPP",16,5,1500,1500,20,1520,1508
2016,"1","11312","00-0030562","DB","ATL","TB_DB_OPP",16,5,1500,1500,20,1520,1504
2016,"1","10344","00-0028031","DB","TB","ATL_DB_OPP",16,5,1500,1500,20,1520,1507
2016,"1","11668","00-0030656","RB","CLE","PHI_RB_OPP",15.8,5.1,1500,1500,20,1520,1507
2016,"1","12181","00-0031549","WR","PHI","CLE_WR_OPP",15.7,4.2,1500,1500,20,1520,1498
2016,"1","10708","00-0029615","RB","HOU","CHI_RB_OPP",15.7,5,1500,1500,20,1520,1509
2016,"1","6997","00-0022127","TE","DAL","NYG_TE_OPP",15.6,6.2,1500,1500,20,1520,1504
2016,"1","11695","00-0031387","TE","DET","IND_TE_OPP",15.6,6.2,1500,1500,20,1520,1504
2016,"1","8359","00-0024333","K","NE","ARI_K_OPP",15.2,6.2,1500,1500,20,1520,1480
2016,"1","10697","00-0029701","QB","MIA","SEA_QB_OPP",15.14,-3.8,1500,1500,-16,1484,1516
2016,"1","12087","00-0031427","LB","DEN","CAR_LB_OPP",15,4,1500,1500,20,1520,1507
2016,"1","12232","00-0031578","LB","GB","JAX_LB_OPP",15,4,1500,1500,20,1520,1512
2016,"1","11273","00-0030442","LB","HOU","CHI_LB_OPP",15,4,1500,1500,20,1520,1492
2016,"1","10753","00-0029585","LB","ARI","NE_LB_OPP",15,4,1500,1500,20,1520,1504
2016,"1","8668","00-0025408","DB","LV","NO_DB_OPP",15,4,1500,1500,20,1520,1502
2016,"1","11740","00-0031333","DB","GB","JAX_DB_OPP",15,4,1500,1500,20,1520,1504
2016,"1","9904","00-0027885","DL","MIN","TEN_DL_OPP",15,7,1500,1500,20,1520,1504
2016,"1","11487","00-0030050","LB","SF","LA_LB_OPP",15,4,1500,1500,20,1520,1510
2016,"1","7394","00-0022942","QB","LAC","KC_QB_OPP",14.62,-4.32,1500,1500,-16,1484,1516
2016,"1","10709","00-0029613","RB","TB","ATL_RB_OPP",14.6,3.9,1500,1500,20,1520,1492
2016,"1","10262","00-0027948","QB","SF","LA_QB_OPP",14.5,-4.44,1500,1500,-16,1484,1516
2016,"1","12156","00-0031569","RB","CHI","HOU_RB_OPP",14.3,3.6,1500,1500,20,1520,1498
2016,"1","8687","00-0025418","TE","CAR","DEN_TE_OPP",14.3,4.9,1500,1500,20,1520,1504
2016,"1","11390","00-0030513","RB","LV","NO_RB_OPP",14.2,3.5,1500,1500,20,1520,1502
2016,"1","9866","00-0027663","LB","DAL","NYG_LB_OPP",14,3,1500,1500,19,1519,1507
2016,"1","12269","00-0032251","DB","GB","JAX_DB_OPP",14,3,1500,1500,19,1519,1504
2016,"1","9819","00-0027856","DL","TB","ATL_DL_OPP",14,6,1500,1500,20,1520,1510
2016,"1","7757","00-0022247","DB","IND","DET_DB_OPP",14,3,1500,1500,19,1519,1506
2016,"1","11802","00-0031261","DB","CAR","DEN_DB_OPP",14,3,1500,1500,19,1519,1504
2016,"1","10768","00-0029562","LB","TB","ATL_LB_OPP",14,3,1500,1500,19,1519,1498
2016,"1","10783","00-0029606","DB","MIN","TEN_DB_OPP",14,3,1500,1500,19,1519,1502
2016,"1","12250","00-0032262","DB","NYG","DAL_DB_OPP",14,3,1500,1500,19,1519,1506
2016,"1","10592","00-0028224","DB","DEN","CAR_DB_OPP",14,3,1500,1500,19,1519,1511
2016,"1","10703","00-0029263","QB","SEA","MIA_QB_OPP",13.92,-5.02,1500,1500,-16,1484,1516
2016,"1","10872","00-0029576","K","MIN","TEN_K_OPP",13.8,4.8,1500,1500,20,1520,1480
2016,"1","9851","00-0027864","RB","PHI","CLE_RB_OPP",13.7,3,1500,1500,19,1519,1508
2016,"1","12437","00-0031492","K","JAX","GB_K_OPP",13.5,4.5,1500,1500,20,1520,1480
2016,"1","11248","00-0030472","TE","WAS","PIT_TE_OPP",13.4,4,1500,1500,20,1520,1504
2016,"1","11244","00-0030506","TE","KC","LAC_TE_OPP",13.4,4,1500,1500,20,1520,1507
2016,"1","11656","00-0031390","RB","TB","ATL_RB_OPP",13.1,2.4,1500,1500,19,1519,1492
2016,"1","9064","00-0026158","QB","BAL","BUF_QB_OPP",13.02,-5.92,1500,1500,-16,1484,1516
2016,"1","12987","00-0030946","DL","DET","IND_DL_OPP",13,5,1500,1500,20,1520,1509
2016,"1","9825","00-0027662","DL","CIN","NYJ_DL_OPP",13,5,1500,1500,20,1520,1502
2016,"1","9690","00-0026796","RB","MIA","SEA_RB_OPP",13,2.3,1500,1500,19,1519,1504
2016,"1","8252","00-0024226","QB","CHI","HOU_QB_OPP",12.84,-6.1,1500,1500,-16,1484,1516
2016,"1","12625","00-0033045","RB","DAL","NYG_RB_OPP",12.2,1.5,1500,1500,19,1519,1509
2016,"1","2842","00-0016919","K","IND","DET_K_OPP",12,3,1500,1500,19,1519,1481
2016,"1","9815","00-0027855","DL","MIA","SEA_DL_OPP",12,4,1500,1500,20,1520,1509
2016,"1","10762","00-0029653","DL","PHI","CLE_DL_OPP",12,4,1500,1500,20,1520,1506
2016,"1","9749","00-0026618","DL","SEA","MIA_DL_OPP",12,4,1500,1500,20,1520,1506
2016,"1","12753","00-0033129","DL","CLE","PHI_DL_OPP",12,4,1500,1500,20,1520,1506
2016,"1","9826","00-0027865","DL","PHI","CLE_DL_OPP",12,4,1500,1500,20,1520,1506
2016,"1","10700","00-0029604","QB","WAS","PIT_QB_OPP",11.96,-6.98,1500,1500,-16,1484,1516
2016,"1","11247","00-0030061","TE","PHI","CLE_TE_OPP",11.8,2.4,1500,1500,19,1519,1498
2016,"1","11387","00-0030098","K","WAS","PIT_K_OPP",11.5,2.5,1500,1500,19,1519,1481
2016,"1","8144","00-0023096","K","HOU","CHI_K_OPP",11.4,2.4,1500,1500,19,1519,1481
2016,"1","12381","00-0032156","QB","DEN","CAR_QB_OPP",11.12,-7.82,1500,1500,-16,1484,1516
2016,"1","7859","00-0023482","K","CIN","NYJ_K_OPP",11.1,2.1,1500,1500,19,1519,1481
2016,"1","9176","00-0026267","TE","ATL","TB_TE_OPP",11.1,1.7,1500,1500,19,1519,1504
2016,"1","11706","00-0031364","DL","HOU","CHI_DL_OPP",11,3,1500,1500,19,1519,1507
2016,"1","9868","00-0027720","DL","CIN","NYJ_DL_OPP",11,3,1500,1500,19,1519,1502
2016,"1","11945","00-0031203","K","KC","LAC_K_OPP",11,2,1500,1500,19,1519,1481
2016,"1","11721","00-0031040","DL","LV","NO_DL_OPP",11,3,1500,1500,19,1519,1509
2016,"1","6789","00-0020578","K","ATL","TB_K_OPP",10.7,1.7,1500,1500,19,1519,1481
2016,"1","10312","00-0027981","TE","MIN","TEN_TE_OPP",10.5,1.1,1500,1500,19,1519,1504
2016,"1","10696","00-0029665","QB","CLE","PHI_QB_OPP",10.3,-8.64,1500,1500,-16,1484,1516
2016,"1","12620","00-0033077","QB","DAL","NYG_QB_OPP",10.28,-8.66,1500,1500,-16,1484,1516
2016,"1","7194","00-0020679","QB","MIN","TEN_QB_OPP",10.24,-8.7,1500,1500,-16,1484,1516
2016,"1","11697","00-0031418","TE","TB","ATL_TE_OPP",10,0.6,1500,1500,18,1518,1508
2016,"1","9084","00-0026142","DL","NE","ARI_DL_OPP",10,2,1500,1500,19,1519,1502
2016,"1","9833","00-0027867","DL","NYG","DAL_DL_OPP",10,2,1500,1500,19,1519,1511
2016,"1","12766","00-0032396","DL","NE","ARI_DL_OPP",10,2,1500,1500,19,1519,1502
2016,"1","12271","00-0031551","DL","CHI","HOU_DL_OPP",10,2,1500,1500,19,1519,1498
2016,"1","10976","00-0029597","K","BAL","BUF_K_OPP",9.7,0.7,1500,1500,19,1519,1481
2016,"1","11936","00-0031136","K","PIT","WAS_K_OPP",9.6,0.6,1500,1500,18,1518,1482
2016,"1","9694","00-0026858","K","CAR","DEN_K_OPP",9,0,1500,1500,0,1500,1500
2016,"1","10823","00-0029657","DL","CHI","HOU_DL_OPP",9,1,1500,1500,19,1519,1498
2016,"1","9156","00-0026243","DL","LA","SF_DL_OPP",9,1,1500,1500,19,1519,1504
2016,"1","11710","00-0031425","DL","LA","SF_DL_OPP",9,1,1500,1500,19,1519,1504
2016,"1","5666","00-0019646","K","LV","NO_K_OPP",8.8,-0.2,1500,1500,-18,1482,1518
2016,"1","12721","00-0033102","K","TB","ATL_K_OPP",8.3,-0.7,1500,1500,-17,1483,1517
2016,"1","12956","00-0032569","K","NO","LV_K_OPP",8.2,-0.8,1500,1500,-17,1483,1517
2016,"1","11274","00-0030449","DL","CIN","NYJ_DL_OPP",8,0,1500,1500,0,1500,1502
2016,"1","11384","00-0030390","K","PHI","CLE_K_OPP",8,-1,1500,1500,-17,1483,1517
2016,"1","8851","00-0025565","K","NYJ","CIN_K_OPP",7.8,-1.2,1500,1500,-17,1483,1517
2016,"1","12417","00-0032087","K","LAC","KC_K_OPP",7.7,-1.3,1500,1500,-17,1483,1517
2016,"1","8742","00-0025580","K","GB","JAX_K_OPP",7.5,-1.5,1500,1500,-17,1483,1517
2016,"1","8930","00-0023853","K","DET","IND_K_OPP",7.3,-1.7,1500,1500,-17,1483,1517
2016,"1","9319","00-0025944","K","SEA","MIA_K_OPP",6.7,-2.3,1500,1500,-17,1483,1517
2016,"1","10413","00-0028118","QB","BUF","BAL_QB_OPP",5.54,-13.4,1500,1500,-15,1485,1515
2016,"1","10948","00-0028986","QB","LA","SF_QB_OPP",4.2,-14.74,1500,1500,-15,1485,1515
2016,"1","3494","00-0004091","K","SF","LA_K_OPP",4,-5,1500,1500,-16,1484,1516
2016,"1","9686","00-0026968","K","TEN","MIN_K_OPP",3.8,-5.2,1500,1500,-16,1484,1516
2016,"1","11947","00-0029822","K","DEN","CAR_K_OPP",3,-6,1500,1500,-16,1484,1516
2016,"1","11960","00-0030896","K","ARI","NE_K_OPP",2,-7,1500,1500,-16,1484,1516
2016,"1","9307","00-0026138","K","CHI","HOU_K_OPP",2,-7,1500,1500,-16,1484,1516
2016,"1","10862","00-0029421","K","NYG","DAL_K_OPP",1,-8,1500,1500,-16,1484,1516
2016,"1","10297","00-0027974","QB","SF","LA_QB_OPP",0,-18.94,1500,1500,-15,1485,1516
2016,"1","9992","00-0027796","QB","CAR","DEN_QB_OPP",0,-18.94,1500,1500,-15,1485,1498
2016,"1","10868","00-0029621","K","LA","SF_K_OPP",0,-9,1500,1500,-16,1484,1516
2016,"1","9118","00-0026176","WR","GB","JAX_WR_OPP",15.2,3.7,1500,1500,20,1520,1495
2016,"1","9662","00-0027150","WR","NE","ARI_WR_OPP",15.2,3.7,1500,1500,20,1520,1502
2016,"1","10983","00-0028237","WR","NE","ARI_WR_OPP",15,3.5,1500,1500,20,1520,1502
2016,"1","12657","00-0032778","WR","TEN","MIN_WR_OPP",14.6,3.1,1500,1500,19,1519,1507
2016,"1","10973","00-0029000","WR","DAL","NYG_WR_OPP",14.5,3,1500,1500,19,1519,1509
2016,"1","10722","00-0029137","WR","CHI","HOU_WR_OPP",14.5,3,1500,1500,19,1519,1502
2016,"1","11675","00-0031381","WR","GB","JAX_WR_OPP",14,2.5,1500,1500,19,1519,1495
2016,"1","11772","00-0031361","LB","CLE","PHI_LB_OPP",14,3,1500,1500,19,1519,1502
2016,"1","7826","00-0023448","LB","CAR","DEN_LB_OPP",14,3,1500,1500,19,1519,1504
2016,"1","11313","00-0030459","DB","ARI","NE_DB_OPP",14,3,1500,1500,19,1519,1506
2016,"1","11813","00-0031309","LB","JAX","GB_LB_OPP",14,3,1500,1500,19,1519,1504
2016,"1","10224","00-0027245","LB","CIN","NYJ_LB_OPP",14,3,1500,1500,19,1519,1507
2016,"1","11017","00-0028899","DB","PHI","CLE_DB_OPP",14,3,1500,1500,19,1519,1509
2016,"1","10729","00-0029608","WR","IND","DET_WR_OPP",13.9,2.4,1500,1500,19,1519,1490
2016,"1","11680","00-0031382","WR","MIA","SEA_WR_OPP",13.7,2.2,1500,1500,19,1519,1509
2016,"1","10392","00-0028091","WR","SF","LA_WR_OPP",13.65,2.15,1500,1500,19,1519,1510
2016,"1","12188","00-0032208","WR","IND","DET_WR_OPP",13.4,1.9,1500,1500,19,1519,1490
2016,"1","10080","00-0027265","WR","NYG","DAL_WR_OPP",13.4,1.9,1500,1500,19,1519,1499
2016,"1","12658","00-0032385","WR","NYG","DAL_WR_OPP",13.3,1.8,1500,1500,19,1519,1499
2016,"1","11678","00-0031428","WR","JAX","GB_WR_OPP",13.2,1.7,1500,1500,19,1519,1506
2016,"1","9843","00-0027681","WR","CIN","NYJ_WR_OPP",13.1,1.6,1500,1500,19,1519,1502
2016,"1","6933","00-0022045","DB","MIN","TEN_DB_OPP",13,2,1500,1500,19,1519,1502
2016,"1","11349","00-0030421","LB","NE","ARI_LB_OPP",13,2,1500,1500,19,1519,1507
2016,"1","11310","00-0030382","LB","ARI","NE_LB_OPP",13,2,1500,1500,19,1519,1504
2016,"1","9191","00-0026283","DB","DAL","NYG_DB_OPP",13,2,1500,1500,19,1519,1510
2016,"1","10851","00-0029285","DB","WAS","PIT_DB_OPP",13,2,1500,1500,19,1519,1504
2016,"1","12750","00-0032890","DB","CAR","DEN_DB_OPP",13,2,1500,1500,19,1519,1504
2016,"1","11330","00-0030471","DB","CIN","NYJ_DB_OPP",13,2,1500,1500,19,1519,1503
2016,"1","10099","00-0027442","LB","KC","LAC_LB_OPP",13,2,1500,1500,19,1519,1498
2016,"1","11742","00-0031389","DB","LA","SF_DB_OPP",13,2,1500,1500,19,1519,1498
2016,"1","10816","00-0029607","LB","CLE","PHI_LB_OPP",13,2,1500,1500,19,1519,1502
2016,"1","12090","00-0031151","DB","NYJ","CIN_DB_OPP",13,2,1500,1500,19,1519,1509
2016,"1","11324","00-0030060","DB","NO","LV_DB_OPP",13,2,1500,1500,19,1519,1510
2016,"1","10308","00-0028002","WR","GB","JAX_WR_OPP",12.8,1.3,1500,1500,19,1519,1495
2016,"1","12184","00-0031941","WR","WAS","PIT_WR_OPP",12.65,1.15,1500,1500,19,1519,1502
2016,"1","10738","00-0029293","WR","DET","IND_WR_OPP",12.5,1,1500,1500,19,1519,1508
2016,"1","7818","00-0023441","DB","CIN","NYJ_DB_OPP",12.35,1.35,1500,1500,19,1519,1503
2016,"1","11222","00-0030279","WR","LAC","KC_WR_OPP",12.3,0.8,1500,1500,19,1519,1508
2016,"1","11512","00-0030228","DB","HOU","CHI_DB_OPP",12,1,1500,1500,19,1519,1511
2016,"1","11517","00-0030161","DB","TB","ATL_DB_OPP",12,1,1500,1500,19,1519,1507
2016,"1","10465","00-0028180","LB","LV","NO_LB_OPP",12,1,1500,1500,19,1519,1510
2016,"1","10770","00-0029566","LB","BUF","BAL_LB_OPP",12,1,1500,1500,19,1519,1498
2016,"1","10775","00-0029255","LB","SEA","MIA_LB_OPP",12,1,1500,1500,19,1519,1499
2016,"1","11316","00-0030411","DB","NE","ARI_DB_OPP",12,1,1500,1500,19,1519,1508
2016,"1","10850","00-0029620","LB","DEN","CAR_LB_OPP",12,1,1500,1500,19,1519,1507
2016,"1","9495","00-0027023","DB","PIT","WAS_DB_OPP",12,1,1500,1500,19,1519,1511
2016,"1","11711","00-0031297","LB","KC","LAC_LB_OPP",12,1,1500,1500,19,1519,1498
2016,"1","9816","00-0027858","DB","KC","LAC_DB_OPP",12,1,1500,1500,19,1519,1508
2016,"1","9898","00-0027325","RB","NE","ARI_RB_OPP",12,1.3,1500,1500,19,1519,1508
2016,"1","12299","00-0032168","DB","CIN","NYJ_DB_OPP",12,1,1500,1500,19,1519,1503
2016,"1","11346","00-0030572","DB","LV","NO_DB_OPP",12,1,1500,1500,19,1519,1502
2016,"1","11814","00-0031181","DB","ATL","TB_DB_OPP",12,1,1500,1500,19,1519,1504
2016,"1","11317","00-0030114","DB","CLE","PHI_DB_OPP",12,1,1500,1500,19,1519,1511
2016,"1","9097","00-0026156","DB","NYG","DAL_DB_OPP",12,1,1500,1500,19,1519,1506
2016,"1","11186","00-0030404","RB","WAS","PIT_RB_OPP",11.9,1.2,1500,1500,19,1519,1498
2016,"1","12652","00-0032765","WR","NO","LV_WR_OPP",11.8,0.3,1500,1500,18,1518,1489
2016,"1","7877","00-0023500","RB","IND","DET_RB_OPP",11.8,1.1,1500,1500,19,1519,1507
2016,"1","9881","00-0027690","WR","NYJ","CIN_WR_OPP",11.7,0.2,1500,1500,18,1518,1504
2016,"1","11925","00-0030821","WR","JAX","GB_WR_OPP",11.5,0,1500,1500,0,1500,1506
2016,"1","9831","00-0027891","WR","DET","IND_WR_OPP",11.3,-0.2,1500,1500,-18,1482,1508
2016,"1","11679","00-0031235","WR","NYG","DAL_WR_OPP",11.3,-0.2,1500,1500,-18,1482,1499
2016,"1","9250","00-0026345","WR","WAS","PIT_WR_OPP",11.1,-0.4,1500,1500,-18,1482,1502
2016,"1","10074","00-0027416","DB","DAL","NYG_DB_OPP",11,0,1500,1500,0,1500,1510
2016,"1","12349","00-0031608","DB","DET","IND_DB_OPP",11,0,1500,1500,0,1500,1515
2016,"1","11965","00-0031218","DB","NE","ARI_DB_OPP",11,0,1500,1500,0,1500,1508
2016,"1","12488","00-0031989","DB","CHI","HOU_DB_OPP",11,0,1500,1500,0,1500,1514
2016,"1","11790","00-0031175","LB","SEA","MIA_LB_OPP",11,0,1500,1500,0,1500,1499
2016,"1","10220","00-0027914","DB","MIN","TEN_DB_OPP",11,0,1500,1500,0,1500,1502
2016,"1","12745","00-0032388","LB","ATL","TB_LB_OPP",11,0,1500,1500,0,1500,1513
2016,"1","11218","00-0030450","WR","SF","LA_WR_OPP",11,-0.5,1500,1500,-18,1482,1510
2016,"1","12278","00-0032127","LB","ARI","NE_LB_OPP",11,0,1500,1500,0,1500,1504
2016,"1","9841","00-0027882","DB","IND","DET_DB_OPP",11,0,1500,1500,0,1500,1506
2016,"1","11351","00-0030528","DB","ATL","TB_DB_OPP",11,0,1500,1500,0,1500,1504
2016,"1","10280","00-0027954","LB","WAS","PIT_LB_OPP",11,0,1500,1500,0,1500,1503
2016,"1","10276","00-0027966","RB","NO","LV_RB_OPP",10.7,0,1500,1500,0,1500,1514
2016,"1","11076","00-0029159","WR","SEA","MIA_WR_OPP",10.7,-0.8,1500,1500,-17,1483,1509
2016,"1","9467","00-0027006","WR","LA","SF_WR_OPP",10.7,-0.8,1500,1500,-17,1483,1516
2016,"1","10737","00-0029269","WR","LAC","KC_WR_OPP",10.6,-0.9,1500,1500,-17,1483,1508
2016,"1","10689","00-0028202","RB","SF","LA_RB_OPP",10.6,-0.1,1500,1500,-18,1482,1504
2016,"1","10978","00-0029205","RB","NO","LV_RB_OPP",10.5,-0.2,1500,1500,-18,1482,1514
2016,"1","10789","00-0029542","DB","BUF","BAL_DB_OPP",10,-1,1500,1500,-17,1483,1509
2016,"1","11815","00-0031262","DB","CAR","DEN_DB_OPP",10,-1,1500,1500,-17,1483,1504
2016,"1","11767","00-0031366","LB","ARI","NE_LB_OPP",10,-1,1500,1500,-17,1483,1504
2016,"1","11318","00-0030484","DB","CLE","PHI_DB_OPP",10,-1,1500,1500,-17,1483,1511
2016,"1","10766","00-0029193","LB","LV","NO_LB_OPP",10,-1,1500,1500,-17,1483,1510
2016,"1","12246","00-0032059","DB","NO","LV_DB_OPP",10,-1,1500,1500,-17,1483,1510
2016,"1","11422","00-0030427","DB","ATL","TB_DB_OPP",10,-1,1500,1500,-17,1483,1504
2016,"1","10793","00-0029261","DB","LAC","KC_DB_OPP",10,-1,1500,1500,-17,1483,1517
2016,"1","12734","00-0033072","LB","CHI","HOU_LB_OPP",10,-1,1500,1500,-17,1483,1509
2016,"1","9464","00-0027002","LB","GB","JAX_LB_OPP",10,-1,1500,1500,-17,1483,1512
2016,"1","12287","00-0032129","LB","PHI","CLE_LB_OPP",10,-1,1500,1500,-17,1483,1516
2016,"1","9947","00-0027733","DB","SEA","MIA_DB_OPP",10,-1,1500,1500,-17,1483,1516
2016,"1","12297","00-0032198","DB","CLE","PHI_DB_OPP",10,-1,1500,1500,-17,1483,1511
2016,"1","12787","00-0033076","DB","CLE","PHI_DB_OPP",10,-1,1500,1500,-17,1483,1511
2016,"1","12525","00-0030761","LB","GB","JAX_LB_OPP",10,-1,1500,1500,-17,1483,1512
2016,"1","12308","00-0031584","DB","CHI","HOU_DB_OPP",10,-1,1500,1500,-17,1483,1514
2016,"1","10267","00-0027940","LB","DEN","CAR_LB_OPP",10,-1,1500,1500,-17,1483,1507
2016,"1","10408","00-0028111","DB","MIA","SEA_DB_OPP",10,-1,1500,1500,-17,1483,1507
2016,"1","9188","00-0026280","DB","DAL","NYG_DB_OPP",10,-1,1500,1500,-17,1483,1510
2016,"1","11735","00-0031372","DB","DEN","CAR_DB_OPP",10,-1,1500,1500,-17,1483,1511
2016,"1","8265","00-0024239","DB","HOU","CHI_DB_OPP",10,-1,1500,1500,-17,1483,1511
2016,"1","11855","00-0031087","DB","HOU","CHI_DB_OPP",10,-1,1500,1500,-17,1483,1511
2016,"1","10122","00-0027256","DB","DEN","CAR_DB_OPP",10,-1,1500,1500,-17,1483,1511
2016,"1","10750","00-0029408","LB","GB","JAX_LB_OPP",10,-1,1500,1500,-17,1483,1512
2016,"1","7827","00-0023449","LB","KC","LAC_LB_OPP",10,-1,1500,1500,-17,1483,1498
2016,"1","11768","00-0031298","DB","SF","LA_DB_OPP",10,-1,1500,1500,-17,1483,1516
2016,"1","11765","00-0031334","DB","LAC","KC_DB_OPP",10,-1,1500,1500,-17,1483,1517
2016,"1","9918","00-0027685","WR","DEN","CAR_WR_OPP",9.9,-1.6,1500,1500,-17,1483,1516
2016,"1","12471","00-0031166","WR","LV","NO_WR_OPP",9.9,-1.6,1500,1500,-17,1483,1501
2016,"1","10500","00-0028825","WR","CLE","PHI_WR_OPP",9.8,-1.7,1500,1500,-17,1483,1516
2016,"1","12801","00-0033040","WR","KC","LAC_WR_OPP",9.65,-1.85,1500,1500,-17,1483,1509
2016,"1","11938","00-0030035","WR","MIN","TEN_WR_OPP",9.4,-2.1,1500,1500,-17,1483,1507
2016,"1","11747","00-0031062","RB","NE","ARI_RB_OPP",9.4,-1.3,1500,1500,-17,1483,1508
2016,"1","11257","00-0030470","TE","SF","LA_TE_OPP",9.4,0,1500,1500,0,1500,1511
2016,"1","7942","00-0023564","RB","PHI","CLE_RB_OPP",9.12,-1.58,1500,1500,-17,1483,1508
2016,"1","11179","00-0030432","RB","SEA","MIA_RB_OPP",9.1,-1.6,1500,1500,-17,1483,1517
2016,"1","11654","00-0031301","RB","CIN","NYJ_RB_OPP",9.1,-1.6,1500,1500,-17,1483,1516
2016,"1","10721","00-0029638","WR","ARI","NE_WR_OPP",9.1,-2.4,1500,1500,-17,1483,1509
2016,"1","10303","00-0027994","RB","NYG","DAL_RB_OPP",9.1,-1.6,1500,1500,-17,1483,1517
2016,"1","12391","00-0032160","WR","LAC","KC_WR_OPP",9.1,-2.4,1500,1500,-17,1483,1508
2016,"1","11498","00-0030312","DB","LAC","KC_DB_OPP",9,-2,1500,1500,-17,1483,1517
2016,"1","10782","00-0029670","LB","LA","SF_LB_OPP",9,-2,1500,1500,-17,1483,1507
2016,"1","12705","00-0033147","LB","NYJ","CIN_LB_OPP",9,-2,1500,1500,-17,1483,1516
2016,"1","10827","00-0029272","LB","PHI","CLE_LB_OPP",9,-2,1500,1500,-17,1483,1516
2016,"1","9214","00-0026307","LB","IND","DET_LB_OPP",9,-2,1500,1500,-17,1483,1516
2016,"1","8713","00-0025424","DB","BAL","BUF_DB_OPP",9,-2,1500,1500,-17,1483,1511
2016,"1","11816","00-0031263","LB","TEN","MIN_LB_OPP",9,-2,1500,1500,-17,1483,1516
2016,"1","9861","00-0027872","DB","HOU","CHI_DB_OPP",9,-2,1500,1500,-17,1483,1511
2016,"1","12788","00-0032408","LB","GB","JAX_LB_OPP",9,-2,1500,1500,-17,1483,1512
2016,"1","10610","00-0028445","DB","KC","LAC_DB_OPP",9,-2,1500,1500,-17,1483,1508
2016,"1","11605","00-0029191","DB","SEA","MIA_DB_OPP",9,-2,1500,1500,-17,1483,1516
2016,"1","12231","00-0031550","LB","CAR","DEN_LB_OPP",9,-2,1500,1500,-17,1483,1504
2016,"1","8497","00-0024495","LB","SF","LA_LB_OPP",9,-2,1500,1500,-17,1483,1510
2016,"1","12646","00-0032966","WR","CLE","PHI_WR_OPP",8.9,-2.6,1500,1500,-17,1483,1516
2016,"1","9680","00-0027155","RB","NYG","DAL_RB_OPP",8.8,-1.9,1500,1500,-17,1483,1517
2016,"1","11201","00-0030485","RB","GB","JAX_RB_OPP",8.8,-1.9,1500,1500,-17,1483,1516
2016,"1","12169","00-0031897","RB","SEA","MIA_RB_OPP",8.8,-1.9,1500,1500,-17,1483,1517
2016,"1","9884","00-0027874","WR","DEN","CAR_WR_OPP",8.8,-2.7,1500,1500,-17,1483,1516
2016,"1","12806","00-0032956","RB","DEN","CAR_RB_OPP",8.8,-1.9,1500,1500,-17,1483,1507
2016,"1","10260","00-0027943","DB","ARI","NE_DB_OPP",8.4,-2.6,1500,1500,-17,1483,1506
2016,"1","11670","00-0031325","WR","BUF","BAL_WR_OPP",8.3,-3.2,1500,1500,-17,1483,1516
2016,"1","12257","00-0032128","WR","KC","LAC_WR_OPP",8.3,-3.2,1500,1500,-17,1483,1509
2016,"1","12098","00-0030668","RB","KC","LAC_RB_OPP",8.3,-2.4,1500,1500,-17,1483,1507
2016,"1","9308","00-0026035","WR","NE","ARI_WR_OPP",8.2,-3.3,1500,1500,-17,1483,1502
2016,"1","12211","00-0032135","TE","PIT","WAS_TE_OPP",8.1,-1.3,1500,1500,-17,1483,1516
2016,"1","9838","00-0027873","TE","ARI","NE_TE_OPP",8.1,-1.3,1500,1500,-17,1483,1516
2016,"1","11660","00-0031285","RB","ATL","TB_RB_OPP",8,-2.7,1500,1500,-17,1483,1504
2016,"1","10808","00-0029410","DB","DET","IND_DB_OPP",8,-3,1500,1500,-17,1483,1515
2016,"1","11315","00-0030420","DB","LV","NO_DB_OPP",8,-3,1500,1500,-17,1483,1502
2016,"1","9820","00-0027860","DB","CLE","PHI_DB_OPP",8,-3,1500,1500,-17,1483,1511
2016,"1","12245","00-0032165","DB","KC","LAC_DB_OPP",8,-3,1500,1500,-17,1483,1508
2016,"1","12779","00-0032401","LB","ATL","TB_LB_OPP",8,-3,1500,1500,-17,1483,1513
2016,"1","9494","00-0027022","DL","PHI","CLE_DL_OPP",8,0,1500,1500,0,1500,1506
2016,"1","8845","00-0025557","DB","PIT","WAS_DB_OPP",8,-3,1500,1500,-17,1483,1511
2016,"1","12957","00-0032875","DB","NO","LV_DB_OPP",8,-3,1500,1500,-17,1483,1510
2016,"1","9051","00-0026190","DL","ARI","NE_DL_OPP",8,0,1500,1500,0,1500,1514
2016,"1","11781","00-0031015","DB","KC","LAC_DB_OPP",8,-3,1500,1500,-17,1483,1508
2016,"1","12279","00-0031937","DB","GB","JAX_DB_OPP",8,-3,1500,1500,-17,1483,1504
2016,"1","12285","00-0031564","LB","NYJ","CIN_LB_OPP",8,-3,1500,1500,-17,1483,1516
2016,"1","8721","00-0025472","DL","LAC","KC_DL_OPP",8,0,1500,1500,0,1500,1512
2016,"1","11717","00-0031170","DL","BAL","BUF_DL_OPP",8,0,1500,1500,0,1500,1513
2016,"1","12280","00-0032210","DL","SEA","MIA_DL_OPP",8,0,1500,1500,0,1500,1506
2016,"1","12289","00-0032061","DL","CLE","PHI_DL_OPP",8,0,1500,1500,0,1500,1506
2016,"1","12752","00-0033132","DB","TEN","MIN_DB_OPP",8,-3,1500,1500,-17,1483,1508
2016,"1","6938","00-0022161","LB","BAL","BUF_LB_OPP",8,-3,1500,1500,-17,1483,1516
2016,"1","11792","00-0031393","DB","LA","SF_DB_OPP",8,-3,1500,1500,-17,1483,1498
2016,"1","12715","00-0032379","DB","NYG","DAL_DB_OPP",8,-3,1500,1500,-17,1483,1506
2016,"1","10810","00-0029690","DB","LA","SF_DB_OPP",8,-3,1500,1500,-17,1483,1498
2016,"1","8448","00-0024421","DB","SF","LA_DB_OPP",8,-3,1500,1500,-17,1483,1516
2016,"1","9633","00-0027136","DB","TEN","MIN_DB_OPP",8,-3,1500,1500,-17,1483,1508
2016,"1","12306","00-0032201","LB","LV","NO_LB_OPP",8,-3,1500,1500,-17,1483,1510
2016,"1","11348","00-0030062","DB","DET","IND_DB_OPP",8,-3,1500,1500,-17,1483,1515
2016,"1","12126","00-0029890","DL","SF","LA_DL_OPP",8,0,1500,1500,0,1500,1512
2016,"1","10320","00-0027975","DL","NE","ARI_DL_OPP",8,0,1500,1500,0,1500,1502
2016,"1","12157","00-0032257","RB","CLE","PHI_RB_OPP",8,-2.7,1500,1500,-17,1483,1507
2016,"1","11817","00-0031070","DB","NYG","DAL_DB_OPP",8,-3,1500,1500,-17,1483,1506
2016,"1","12238","00-0032103","LB","LAC","KC_LB_OPP",8,-3,1500,1500,-17,1483,1512
2016,"1","12317","00-0032134","TE","CIN","NYJ_TE_OPP",7.9,-1.5,1500,1500,-17,1483,1516
2016,"1","9278","00-0026373","RB","BAL","BUF_RB_OPP",7.6,-3.1,1500,1500,-17,1483,1516
2016,"1","12178","00-0032166","WR","PIT","WAS_WR_OPP",7.6,-3.9,1500,1500,-16,1484,1498
2016,"1","12505","00-0032009","WR","TB","ATL_WR_OPP",7.46,-4.04,1500,1500,-16,1484,1509
2016,"1","11213","00-0030525","WR","LA","SF_WR_OPP",7.4,-4.1,1500,1500,-16,1484,1516
2016,"1","9632","00-0027135","TE","TB","ATL_TE_OPP",7.4,-2,1500,1500,-17,1483,1508
2016,"1","8416","00-0024389","TE","TEN","MIN_TE_OPP",7.2,-2.2,1500,1500,-17,1483,1516
2016,"1","12786","00-0032776","DB","CHI","HOU_DB_OPP",7,-4,1500,1500,-16,1484,1514
2016,"1","11491","00-0030380","DL","DAL","NYG_DL_OPP",7,-1,1500,1500,-17,1483,1516
2016,"1","10329","00-0028003","DL","DAL","NYG_DL_OPP",7,-1,1500,1500,-17,1483,1516
2016,"1","12746","00-0032767","LB","WAS","PIT_LB_OPP",7,-4,1500,1500,-16,1484,1503
2016,"1","11795","00-0031348","LB","DAL","NYG_LB_OPP",7,-4,1500,1500,-16,1484,1507
2016,"1","11281","00-0030063","DL","NYG","DAL_DL_OPP",7,-1,1500,1500,-17,1483,1511
2016,"1","9465","00-0027010","DB","NE","ARI_DB_OPP",7,-4,1500,1500,-16,1484,1508
2016,"1","8332","00-0024306","DL","ARI","NE_DL_OPP",7,-1,1500,1500,-17,1483,1514
2016,"1","12748","00-0033053","DB","PIT","WAS_DB_OPP",7,-4,1500,1500,-16,1484,1511
2016,"1","12272","00-0031553","LB","HOU","CHI_LB_OPP",7,-4,1500,1500,-16,1484,1492
2016,"1","8375","00-0024348","DL","BUF","BAL_DL_OPP",7,-1,1500,1500,-17,1483,1516
2016,"1","10815","00-0029693","DL","NYG","DAL_DL_OPP",7,-1,1500,1500,-17,1483,1511
2016,"1","12226","00-0032143","DL","CLE","PHI_DL_OPP",7,-1,1500,1500,-17,1483,1506
2016,"1","10335","00-0028015","DL","TEN","MIN_DL_OPP",7,-1,1500,1500,-17,1483,1516
2016,"1","11806","00-0031176","DB","DET","IND_DB_OPP",7,-4,1500,1500,-16,1484,1515
2016,"1","9549","00-0027081","DB","DET","IND_DB_OPP",7,-4,1500,1500,-16,1484,1515
2016,"1","11045","00-0029040","DL","NYG","DAL_DL_OPP",7,-1,1500,1500,-17,1483,1511
2016,"1","9933","00-0027714","TE","BAL","BUF_TE_OPP",6.9,-2.5,1500,1500,-17,1483,1516
2016,"1","4974","00-0020337","WR","BAL","BUF_WR_OPP",6.9,-4.6,1500,1500,-16,1484,1510
2016,"1","10369","00-0028064","RB","NYJ","CIN_RB_OPP",6.8,-3.9,1500,1500,-16,1484,1498
2016,"1","8269","00-0024243","TE","JAX","GB_TE_OPP",6.8,-2.6,1500,1500,-17,1483,1507
2016,"1","10432","00-0028142","TE","DEN","CAR_TE_OPP",6.8,-2.6,1500,1500,-17,1483,1516
2016,"1","12187","00-0032211","WR","SEA","MIA_WR_OPP",6.7,-4.8,1500,1500,-16,1484,1509
2016,"1","6982","00-0022084","WR","DET","IND_WR_OPP",6.5,-5,1500,1500,-16,1484,1508
2016,"1","9101","00-0026153","RB","CAR","DEN_RB_OPP",6.4,-4.3,1500,1500,-16,1484,1516
2016,"1","12177","00-0031545","WR","CHI","HOU_WR_OPP",6.4,-5.1,1500,1500,-16,1484,1502
2016,"1","12626","00-0032764","RB","TEN","MIN_RB_OPP",6.4,-4.3,1500,1500,-16,1484,1507
2016,"1","11211","00-0030542","WR","DAL","NYG_WR_OPP",6.4,-5.1,1500,1500,-16,1484,1509
2016,"1","10985","00-0029492","RB","LV","NO_RB_OPP",6.2,-4.5,1500,1500,-16,1484,1502
2016,"1","8360","00-0024334","WR","NYJ","CIN_WR_OPP",6.2,-5.3,1500,1500,-16,1484,1504
2016,"1","12845","00-0032450","RB","DET","IND_RB_OPP",6.1,-4.6,1500,1500,-16,1484,1498
2016,"1","11010","00-0028924","DB","JAX","GB_DB_OPP",6,-5,1500,1500,-16,1484,1510
2016,"1","10409","00-0028112","TE","BUF","BAL_TE_OPP",6,-3.4,1500,1500,-17,1483,1516
2016,"1","12931","00-0032946","DB","NO","LV_DB_OPP",6,-5,1500,1500,-16,1484,1510
2016,"1","12229","00-0031557","DL","MIA","SEA_DL_OPP",6,-2,1500,1500,-17,1483,1509
2016,"1","11791","00-0031016","DB","PIT","WAS_DB_OPP",6,-5,1500,1500,-16,1484,1511
2016,"1","9829","00-0027866","DB","SEA","MIA_DB_OPP",6,-5,1500,1500,-16,1484,1516
2016,"1","11537","00-0029901","DB","IND","DET_DB_OPP",6,-5,1500,1500,-16,1484,1506
2016,"1","12740","00-0032967","DL","CAR","DEN_DL_OPP",6,-2,1500,1500,-17,1483,1516
2016,"1","10784","00-0029215","DB","CIN","NYJ_DB_OPP",6,-5,1500,1500,-16,1484,1503
2016,"1","11043","00-0029208","DL","DET","IND_DL_OPP",6,-2,1500,1500,-17,1483,1509
2016,"1","9828","00-0027701","DL","MIN","TEN_DL_OPP",6,-2,1500,1500,-17,1483,1504
2016,"1","11031","00-0029111","DL","ATL","TB_DL_OPP",6,-2,1500,1500,-17,1483,1516
2016,"1","6931","00-0022044","WR","TEN","MIN_WR_OPP",6,-5.5,1500,1500,-16,1484,1507
2016,"1","11820","00-0031071","DL","LAC","KC_DL_OPP",6,-2,1500,1500,-17,1483,1512
2016,"1","12698","00-0032387","DL","SEA","MIA_DL_OPP",6,-2,1500,1500,-17,1483,1506
2016,"1","11356","00-0030543","DB","DAL","NYG_DB_OPP",6,-5,1500,1500,-16,1484,1510
2016,"1","11757","00-0031388","DL","LA","SF_DL_OPP",6,-2,1500,1500,-17,1483,1504
2016,"1","11789","00-0031346","DL","LV","NO_DL_OPP",6,-2,1500,1500,-17,1483,1509
2016,"1","12218","00-0032164","DL","SF","LA_DL_OPP",6,-2,1500,1500,-17,1483,1512
2016,"1","12110","00-0031273","TE","TB","ATL_TE_OPP",6,-3.4,1500,1500,-17,1483,1508
2016,"1","10084","00-0027440","DB","GB","JAX_DB_OPP",6,-5,1500,1500,-16,1484,1504
2016,"1","10675","00-0028424","DL","DAL","NYG_DL_OPP",6,-2,1500,1500,-17,1483,1516
2016,"1","10779","00-0029681","DB","NYG","DAL_DB_OPP",6,-5,1500,1500,-16,1484,1506
2016,"1","12872","00-0032322","DB","LAC","KC_DB_OPP",6,-5,1500,1500,-16,1484,1517
2016,"1","11725","00-0031258","LB","LAC","KC_LB_OPP",6,-5,1500,1500,-16,1484,1512
2016,"1","10264","00-0027957","DB","JAX","GB_DB_OPP",6,-5,1500,1500,-16,1484,1510
2016,"1","12744","00-0033046","DL","LV","NO_DL_OPP",6,-2,1500,1500,-17,1483,1509
2016,"1","8951","00-0023259","LB","BUF","BAL_LB_OPP",6,-5,1500,1500,-16,1484,1498
2016,"1","11228","00-0030431","WR","BUF","BAL_WR_OPP",6,-5.5,1500,1500,-16,1484,1516
2016,"1","10285","00-0027956","DL","LAC","KC_DL_OPP",6,-2,1500,1500,-17,1483,1512
2016,"1","11746","00-0031375","RB","BAL","BUF_RB_OPP",5.8,-4.9,1500,1500,-16,1484,1516
2016,"1","10903","00-0029580","WR","TEN","MIN_WR_OPP",5.6,-5.9,1500,1500,-16,1484,1507
2016,"1","12859","00-0032725","TE","HOU","CHI_TE_OPP",5.5,-3.9,1500,1500,-16,1484,1516
2016,"1","12210","00-0032256","TE","LV","NO_TE_OPP",5.5,-3.9,1500,1500,-16,1484,1516
2016,"1","12639","00-0032404","RB","HOU","CHI_RB_OPP",5.44,-5.26,1500,1500,-16,1484,1509
2016,"1","11886","00-0030874","RB","MIA","SEA_RB_OPP",5.31,-5.39,1500,1500,-16,1484,1504
2016,"1","10735","00-0029640","WR","LA","SF_WR_OPP",5.3,-6.2,1500,1500,-16,1484,1516
2016,"1","12669","00-0032400","WR","NE","ARI_WR_OPP",5.3,-6.2,1500,1500,-16,1484,1502
2016,"1","12150","00-0032241","RB","LA","SF_RB_OPP",5.2,-5.5,1500,1500,-16,1484,1516
2016,"1","7236","00-0021547","TE","LAC","KC_TE_OPP",5,-4.4,1500,1500,-16,1484,1516
2016,"1","12938","00-0032596","DB","ATL","TB_DB_OPP",5,-6,1500,1500,-16,1484,1504
2016,"1","12719","00-0033083","DB","NYG","DAL_DB_OPP",5,-6,1500,1500,-16,1484,1506
2016,"1","10149","00-0027375","DB","SF","LA_DB_OPP",5,-6,1500,1500,-16,1484,1516
2016,"1","12217","00-0032052","DL","JAX","GB_DL_OPP",5,-3,1500,1500,-17,1483,1516
2016,"1","9236","00-0026330","DL","SEA","MIA_DL_OPP",5,-3,1500,1500,-17,1483,1506
2016,"1","10379","00-0028075","DB","NYJ","CIN_DB_OPP",5,-6,1500,1500,-16,1484,1509
2016,"1","12805","00-0032895","LB","LAC","KC_LB_OPP",5,-6,1500,1500,-16,1484,1512
2016,"1","11193","00-0030456","RB","CIN","NYJ_RB_OPP",5,-5.7,1500,1500,-16,1484,1516
2016,"1","12711","00-0033055","DB","JAX","GB_DB_OPP",5,-6,1500,1500,-16,1484,1510
2016,"1","11138","00-0029696","DB","CIN","NYJ_DB_OPP",5,-6,1500,1500,-16,1484,1503
2016,"1","10026","00-0027835","DB","CAR","DEN_DB_OPP",5,-6,1500,1500,-16,1484,1504
2016,"1","8253","00-0024227","DL","DET","IND_DL_OPP",5,-3,1500,1500,-17,1483,1509
2016,"1","8787","00-0025489","DL","MIN","TEN_DL_OPP",5,-3,1500,1500,-17,1483,1504
2016,"1","10393","00-0028092","DB","SEA","MIA_DB_OPP",5,-6,1500,1500,-16,1484,1516
2016,"1","11323","00-0030548","DB","SF","LA_DB_OPP",5,-6,1500,1500,-16,1484,1516
2016,"1","11225","00-0030578","WR","MIN","TEN_WR_OPP",4.68,-6.82,1500,1500,-16,1484,1507
2016,"1","11175","00-0030287","RB","ARI","NE_RB_OPP",4.63,-6.07,1500,1500,-16,1484,1504
2016,"1","12532","00-0032004","TE","NYG","DAL_TE_OPP",4.6,-4.8,1500,1500,-16,1484,1516
2016,"1","11381","00-0030089","TE","SEA","MIA_TE_OPP",4.6,-4.8,1500,1500,-16,1484,1516
2016,"1","12197","00-0032054","WR","BAL","BUF_WR_OPP",4.5,-7,1500,1500,-16,1484,1510
2016,"1","9611","00-0027125","TE","CHI","HOU_TE_OPP",4.4,-5,1500,1500,-16,1484,1516
2016,"1","9044","00-0026201","TE","NE","ARI_TE_OPP",4.4,-5,1500,1500,-16,1484,1516
2016,"1","12650","00-0033009","WR","CIN","NYJ_WR_OPP",4.4,-7.1,1500,1500,-16,1484,1502
2016,"1","12640","00-0032377","RB","IND","DET_RB_OPP",4.4,-6.3,1500,1500,-16,1484,1507
2016,"1","8673","00-0025396","WR","CAR","DEN_WR_OPP",4.37,-7.13,1500,1500,-16,1484,1507
2016,"1","10368","00-0028063","RB","LV","NO_RB_OPP",4.37,-6.33,1500,1500,-16,1484,1502
2016,"1","12162","00-0031939","RB","WAS","PIT_RB_OPP",4.3,-6.4,1500,1500,-16,1484,1498
2016,"1","11367","00-0029892","RB","BAL","BUF_RB_OPP",4.3,-6.4,1500,1500,-16,1484,1516
2016,"1","11177","00-0030465","RB","PHI","CLE_RB_OPP",4.2,-6.5,1500,1500,-16,1484,1508
2016,"1","11672","00-0031431","WR","JAX","GB_WR_OPP",4.2,-7.3,1500,1500,-16,1484,1506
2016,"1","9144","00-0026224","WR","TEN","MIN_WR_OPP",4.1,-7.4,1500,1500,-16,1484,1507
2016,"1","9978","00-0027777","LB","PIT","WAS_LB_OPP",4,-7,1500,1500,-16,1484,1510
2016,"1","12315","00-0032110","LB","LAC","KC_LB_OPP",4,-7,1500,1500,-16,1484,1512
2016,"1","10752","00-0029600","DL","MIA","SEA_DL_OPP",4,-4,1500,1500,-16,1484,1509
2016,"1","11803","00-0031061","DB","SF","LA_DB_OPP",4,-7,1500,1500,-16,1484,1516
2016,"1","12523","00-0031796","DB","NE","ARI_DB_OPP",4,-7,1500,1500,-16,1484,1508
2016,"1","10749","00-0029249","LB","LAC","KC_LB_OPP",4,-7,1500,1500,-16,1484,1512
2016,"1","10275","00-0028024","DL","KC","LAC_DL_OPP",4,-4,1500,1500,-16,1484,1516
2016,"1","8958","00-0024061","DB","CLE","PHI_DB_OPP",4,-7,1500,1500,-16,1484,1511
2016,"1","9940","00-0027723","DL","TEN","MIN_DL_OPP",4,-4,1500,1500,-16,1484,1516
2016,"1","12075","00-0031101","LB","DEN","CAR_LB_OPP",4,-7,1500,1500,-16,1484,1507
2016,"1","10374","00-0028069","DB","JAX","GB_DB_OPP",4,-7,1500,1500,-16,1484,1510
2016,"1","11448","00-0030155","TE","KC","LAC_TE_OPP",4,-5.4,1500,1500,-16,1484,1507
2016,"1","10549","00-0027560","LB","BAL","BUF_LB_OPP",4,-7,1500,1500,-16,1484,1516
2016,"1","10819","00-0029641","DL","DAL","NYG_DL_OPP",4,-4,1500,1500,-16,1484,1516
2016,"1","11830","00-0031241","LB","NYG","DAL_LB_OPP",4,-7,1500,1500,-16,1484,1516
2016,"1","9442","00-0027044","DL","CIN","NYJ_DL_OPP",4,-4,1500,1500,-16,1484,1502
2016,"1","10294","00-0027965","DB","BAL","BUF_DB_OPP",4,-7,1500,1500,-16,1484,1511
2016,"1","10324","00-0027988","DB","NYJ","CIN_DB_OPP",4,-7,1500,1500,-16,1484,1509
2016,"1","12083","00-0031254","DL","LV","NO_DL_OPP",4,-4,1500,1500,-16,1484,1509
2016,"1","10806","00-0029586","DL","DEN","CAR_DL_OPP",4,-4,1500,1500,-16,1484,1516
2016,"1","10244","00-0027195","DB","DET","IND_DB_OPP",4,-7,1500,1500,-16,1484,1515
2016,"1","12691","00-0033073","DL","CLE","PHI_DL_OPP",4,-4,1500,1500,-16,1484,1506
2016,"1","12688","00-0032378","DL","SF","LA_DL_OPP",4,-4,1500,1500,-16,1484,1512
2016,"1","10871","00-0029422","DB","TB","ATL_DB_OPP",4,-7,1500,1500,-16,1484,1507
2016,"1","12747","00-0033059","DB","IND","DET_DB_OPP",4,-7,1500,1500,-16,1484,1506
2016,"1","12305","00-0031583","DL","ATL","TB_DL_OPP",4,-4,1500,1500,-16,1484,1516
2016,"1","10269","00-0027952","DL","LA","SF_DL_OPP",4,-4,1500,1500,-16,1484,1504
2016,"1","9330","00-0025828","LB","TEN","MIN_LB_OPP",4,-7,1500,1500,-16,1484,1516
2016,"1","12268","00-0032239","DB","DAL","NYG_DB_OPP",4,-7,1500,1500,-16,1484,1510
2016,"1","11333","00-0030448","DL","CAR","DEN_DL_OPP",4,-4,1500,1500,-16,1484,1516
2016,"1","12768","00-0033125","LB","CLE","PHI_LB_OPP",4,-7,1500,1500,-16,1484,1502
2016,"1","12716","00-0032803","DB","PHI","CLE_DB_OPP",4,-7,1500,1500,-16,1484,1509
2016,"1","10861","00-0029627","DL","DAL","NYG_DL_OPP",4,-4,1500,1500,-16,1484,1516
2016,"1","12765","00-0032769","DB","ARI","NE_DB_OPP",4,-7,1500,1500,-16,1484,1506
2016,"1","10263","00-0027958","DL","ATL","TB_DL_OPP",4,-4,1500,1500,-16,1484,1516
2016,"1","12478","00-0031829","DB","GB","JAX_DB_OPP",4,-7,1500,1500,-16,1484,1504
2016,"1","9028","00-0024183","DB","TB","ATL_DB_OPP",4,-7,1500,1500,-16,1484,1507
2016,"1","11877","00-0031350","LB","DEN","CAR_LB_OPP",4,-7,1500,1500,-16,1484,1507
2016,"1","10763","00-0029630","DL","LA","SF_DL_OPP",4,-4,1500,1500,-16,1484,1504
2016,"1","10714","00-0029273","RB","IND","DET_RB_OPP",3.9,-6.8,1500,1500,-16,1484,1507
2016,"1","12653","00-0032694","WR","NYJ","CIN_WR_OPP",3.85,-7.65,1500,1500,-16,1484,1504
2016,"1","7873","00-0023496","WR","TB","ATL_WR_OPP",3.8,-7.7,1500,1500,-16,1484,1509
2016,"1","11399","00-0030108","TE","HOU","CHI_TE_OPP",3.7,-5.7,1500,1500,-16,1484,1516
2016,"1","11432","00-0029795","RB","LA","SF_RB_OPP",3.57,-7.13,1500,1500,-16,1484,1516
2016,"1","10318","00-0027985","TE","LA","SF_TE_OPP",3.5,-5.9,1500,1500,-16,1484,1516
2016,"1","10870","00-0029141","RB","DAL","NYG_RB_OPP",3.5,-7.2,1500,1500,-16,1484,1509
2016,"1","12180","00-0032218","WR","PHI","CLE_WR_OPP",3.4,-8.1,1500,1500,-16,1484,1498
2016,"1","12857","00-0032940","RB","LV","NO_RB_OPP",3.4,-7.3,1500,1500,-16,1484,1502
2016,"1","10651","00-0028497","WR","BAL","BUF_WR_OPP",3.4,-8.1,1500,1500,-16,1484,1510
2016,"1","12655","00-0033060","WR","MIA","SEA_WR_OPP",3.4,-8.1,1500,1500,-16,1484,1509
2016,"1","10289","00-0027996","WR","SF","LA_WR_OPP",3.3,-8.2,1500,1500,-16,1484,1510
2016,"1","11785","00-0031384","TE","GB","JAX_TE_OPP",3.2,-6.2,1500,1500,-16,1484,1516
2016,"1","12367","00-0031959","RB","NO","LV_RB_OPP",3.13,-7.57,1500,1500,-16,1484,1514
2016,"1","12378","00-0032141","TE","DAL","NYG_TE_OPP",3.1,-6.3,1500,1500,-16,1484,1504
2016,"1","11890","00-0030669","WR","KC","LAC_WR_OPP",3.1,-8.4,1500,1500,-16,1484,1509
2016,"1","8658","00-0025394","RB","MIN","TEN_RB_OPP",3.1,-7.6,1500,1500,-16,1484,1516
2016,"1","10956","00-0029388","WR","CHI","HOU_WR_OPP",3.09,-8.41,1500,1500,-16,1484,1502
2016,"1","11267","00-0030059","DL","DET","IND_DL_OPP",3,-5,1500,1500,-16,1484,1509
2016,"1","12311","00-0031587","DB","MIA","SEA_DB_OPP",3,-8,1500,1500,-16,1484,1507
2016,"1","12581","00-0030963","DB","WAS","PIT_DB_OPP",3,-8,1500,1500,-16,1484,1504
2016,"1","12756","00-0033123","DL","JAX","GB_DL_OPP",3,-5,1500,1500,-16,1484,1516
2016,"1","11303","00-0030385","LB","SF","LA_LB_OPP",3,-8,1500,1500,-16,1484,1510
2016,"1","10266","00-0027969","DL","PIT","WAS_DL_OPP",3,-5,1500,1500,-16,1484,1516
2016,"1","11774","00-0031403","DL","NYG","DAL_DL_OPP",3,-5,1500,1500,-16,1484,1511
2016,"1","11412","00-0030500","DL","KC","LAC_DL_OPP",3,-5,1500,1500,-16,1484,1516
2016,"1","10778","00-0029560","DB","CIN","NYJ_DB_OPP",3,-8,1500,1500,-16,1484,1503
2016,"1","12676","00-0033090","TE","LAC","KC_TE_OPP",3,-6.4,1500,1500,-16,1484,1516
2016,"1","12712","00-0032758","DB","TB","ATL_DB_OPP",3,-8,1500,1500,-16,1484,1507
2016,"1","12952","00-0032574","DL","BAL","BUF_DL_OPP",3,-5,1500,1500,-16,1484,1513
2016,"1","9103","00-0026160","DB","DEN","CAR_DB_OPP",3,-8,1500,1500,-16,1484,1511
2016,"1","12292","00-0032107","DL","TEN","MIN_DL_OPP",3,-5,1500,1500,-16,1484,1516
2016,"1","11460","00-0029799","LB","BUF","BAL_LB_OPP",3,-8,1500,1500,-16,1484,1498
2016,"1","8247","00-0024221","TE","WAS","PIT_TE_OPP",3,-6.4,1500,1500,-16,1484,1504
2016,"1","9475","00-0027008","DL","WAS","PIT_DL_OPP",3,-5,1500,1500,-16,1484,1516
2016,"1","12270","00-0031935","LB","WAS","PIT_LB_OPP",3,-8,1500,1500,-16,1484,1503
2016,"1","12216","00-0032221","LB","DEN","CAR_LB_OPP",3,-8,1500,1500,-16,1484,1507
2016,"1","12986","00-0032740","DL","NYJ","CIN_DL_OPP",3,-5,1500,1500,-16,1484,1498
2016,"1","11728","00-0031296","LB","BAL","BUF_LB_OPP",3,-8,1500,1500,-16,1484,1516
2016,"1","10809","00-0029256","DL","WAS","PIT_DL_OPP",3,-5,1500,1500,-16,1484,1516
2016,"1","11720","00-0031256","LB","MIN","TEN_LB_OPP",3,-8,1500,1500,-16,1484,1504
2016,"1","12345","00-0032068","RB","CLE","PHI_RB_OPP",2.9,-7.8,1500,1500,-16,1484,1507
2016,"1","12814","00-0032791","WR","MIA","SEA_WR_OPP",2.81,-8.69,1500,1500,-16,1484,1509
2016,"1","11456","00-0030300","WR","ARI","NE_WR_OPP",2.8,-8.7,1500,1500,-16,1484,1509
2016,"1","11342","00-0029731","RB","CAR","DEN_RB_OPP",2.7,-8,1500,1500,-16,1484,1516
2016,"1","11406","00-0030516","WR","DAL","NYG_WR_OPP",2.6,-8.9,1500,1500,-16,1484,1509
2016,"1","11227","00-0030085","WR","MIA","SEA_WR_OPP",2.6,-8.9,1500,1500,-16,1484,1509
2016,"1","10961","00-0029004","RB","DAL","NYG_RB_OPP",2.6,-8.1,1500,1500,-16,1484,1509
2016,"1","12183","00-0032170","WR","JAX","GB_WR_OPP",2.6,-8.9,1500,1500,-16,1484,1506
2016,"1","10352","00-0028040","TE","MIA","SEA_TE_OPP",2.6,-6.8,1500,1500,-16,1484,1516
2016,"1","11007","00-0028903","TE","SF","LA_TE_OPP",2.5,-6.9,1500,1500,-16,1484,1511
2016,"1","11858","00-0031269","DB","LV","NO_DB_OPP",2.5,-8.5,1500,1500,-16,1484,1502
2016,"1","9921","00-0027691","WR","DET","IND_WR_OPP",2.41,-9.09,1500,1500,-16,1484,1508
2016,"1","12677","00-0032392","TE","ATL","TB_TE_OPP",2.4,-7,1500,1500,-16,1484,1504
2016,"1","12773","00-0032398","WR","BAL","BUF_WR_OPP",2.3,-9.2,1500,1500,-16,1484,1510
2016,"1","9987","00-0027791","RB","GB","JAX_RB_OPP",2.3,-8.4,1500,1500,-16,1484,1516
2016,"1","12386","00-0031806","RB","LA","SF_RB_OPP",2.3,-8.4,1500,1500,-16,1484,1516
2016,"1","10410","00-0028114","WR","NYG","DAL_WR_OPP",2.23,-9.27,1500,1500,-16,1484,1499
2016,"1","9925","00-0027696","TE","SEA","MIA_TE_OPP",2.1,-7.3,1500,1500,-16,1484,1516
2016,"1","8838","00-0025549","TE","PHI","CLE_TE_OPP",2.1,-7.3,1500,1500,-16,1484,1498
2016,"1","11972","00-0031118","WR","CAR","DEN_WR_OPP",2.1,-9.4,1500,1500,-16,1484,1507
2016,"1","11681","00-0031257","WR","SEA","MIA_WR_OPP",2.1,-9.4,1500,1500,-16,1484,1509
2016,"1","12627","00-0032393","RB","SEA","MIA_RB_OPP",2.1,-8.6,1500,1500,-16,1484,1517
2016,"1","12319","00-0032112","WR","ARI","NE_WR_OPP",2.1,-9.4,1500,1500,-16,1484,1509
2016,"1","11359","00-0030383","DB","NE","ARI_DB_OPP",2,-9,1500,1500,-16,1484,1508
2016,"1","10292","00-0027962","DL","NO","LV_DL_OPP",2,-6,1500,1500,-16,1484,1516
2016,"1","12274","00-0032057","DB","SF","LA_DB_OPP",2,-9,1500,1500,-16,1484,1516
2016,"1","11382","00-0030090","DB","GB","JAX_DB_OPP",2,-9,1500,1500,-16,1484,1504
2016,"1","10282","00-0027977","LB","IND","DET_LB_OPP",2,-9,1500,1500,-16,1484,1516
2016,"1","12099","00-0030883","DL","ARI","NE_DL_OPP",2,-6,1500,1500,-16,1484,1514
2016,"1","10759","00-0029257","DL","BUF","BAL_DL_OPP",2,-6,1500,1500,-16,1484,1516
2016,"1","11375","00-0030463","LB","CAR","DEN_LB_OPP",2,-9,1500,1500,-16,1484,1504
2016,"1","11993","00-0031105","DL","IND","DET_DL_OPP",2,-6,1500,1500,-16,1484,1516
2016,"1","12352","00-0032138","DL","DEN","CAR_DL_OPP",2,-6,1500,1500,-16,1484,1516
2016,"1","12810","00-0032788","DB","KC","LAC_DB_OPP",2,-9,1500,1500,-16,1484,1508
2016,"1","9196","00-0026289","RB","NO","LV_RB_OPP",2,-8.7,1500,1500,-16,1484,1514
2016,"1","11708","00-0031336","DL","CAR","DEN_DL_OPP",2,-6,1500,1500,-16,1484,1516
2016,"1","10332","00-0028006","LB","NYG","DAL_LB_OPP",2,-9,1500,1500,-16,1484,1516
2016,"1","10981","00-0027539","DB","BAL","BUF_DB_OPP",2,-9,1500,1500,-16,1484,1511
2016,"1","11286","00-0030070","DL","NO","LV_DL_OPP",2,-6,1500,1500,-16,1484,1516
2016,"1","12767","00-0032971","DB","DEN","CAR_DB_OPP",2,-9,1500,1500,-16,1484,1511
2016,"1","11285","00-0030577","DL","DEN","CAR_DL_OPP",2,-6,1500,1500,-16,1484,1516
2016,"1","10761","00-0029688","DL","KC","LAC_DL_OPP",2,-6,1500,1500,-16,1484,1516
2016,"1","12343","00-0032116","DL","LAC","KC_DL_OPP",2,-6,1500,1500,-16,1484,1512
2016,"1","11360","00-0030511","DL","BAL","BUF_DL_OPP",2,-6,1500,1500,-16,1484,1513
2016,"1","11280","00-0030455","DL","CAR","DEN_DL_OPP",2,-6,1500,1500,-16,1484,1516
2016,"1","10841","00-0029284","DL","GB","JAX_DL_OPP",2,-6,1500,1500,-16,1484,1516
2016,"1","10457","00-0028171","DL","BAL","BUF_DL_OPP",2,-6,1500,1500,-16,1484,1513
2016,"1","11723","00-0031360","LB","DET","IND_LB_OPP",2,-9,1500,1500,-16,1484,1507
2016,"1","12828","00-0032437","LB","PHI","CLE_LB_OPP",2,-9,1500,1500,-16,1484,1516
2016,"1","12697","00-0032889","DL","DET","IND_DL_OPP",2,-6,1500,1500,-16,1484,1509
2016,"1","12002","00-0030986","DL","LA","SF_DL_OPP",2,-6,1500,1500,-16,1484,1504
2016,"1","12791","00-0032412","DL","GB","JAX_DL_OPP",2,-6,1500,1500,-16,1484,1516
2016,"1","9919","00-0027686","DL","ARI","NE_DL_OPP",2,-6,1500,1500,-16,1484,1514
2016,"1","12316","00-0031947","DL","NO","LV_DL_OPP",2,-6,1500,1500,-16,1484,1516
2016,"1","12173","00-0032261","DL","NE","ARI_DL_OPP",2,-6,1500,1500,-16,1484,1502
2016,"1","9430","00-0026990","DB","PHI","CLE_DB_OPP",2,-9,1500,1500,-16,1484,1509
2016,"1","9824","00-0027868","LB","TEN","MIN_LB_OPP",2,-9,1500,1500,-16,1484,1516
2016,"1","11270","00-0030457","LB","SF","LA_LB_OPP",2,-9,1500,1500,-16,1484,1510
2016,"1","8364","00-0024338","DL","CIN","NYJ_DL_OPP",2,-6,1500,1500,-16,1484,1502
2016,"1","10774","00-0029669","LB","NE","ARI_LB_OPP",2,-9,1500,1500,-16,1484,1507
2016,"1","11998","00-0030864","DL","NE","ARI_DL_OPP",2,-6,1500,1500,-16,1484,1502
2016,"1","11402","00-0030515","DL","LV","NO_DL_OPP",2,-6,1500,1500,-16,1484,1509
2016,"1","12530","00-0031843","DL","CAR","DEN_DL_OPP",2,-6,1500,1500,-16,1484,1516
2016,"1","12249","00-0031548","DB","HOU","CHI_DB_OPP",2,-9,1500,1500,-16,1484,1511
2016,"1","12314","00-0031592","DL","IND","DET_DL_OPP",2,-6,1500,1500,-16,1484,1516
2016,"1","12770","00-0032770","DB","BAL","BUF_DB_OPP",2,-9,1500,1500,-16,1484,1511
2016,"1","12356","00-0031615","DL","GB","JAX_DL_OPP",2,-6,1500,1500,-16,1484,1516
2016,"1","12301","00-0031576","LB","BAL","BUF_LB_OPP",2,-9,1500,1500,-16,1484,1516
2016,"1","12358","00-0031956","LB","PIT","WAS_LB_OPP",2,-9,1500,1500,-16,1484,1510
2016,"1","12220","00-0032060","LB","SF","LA_LB_OPP",2,-9,1500,1500,-16,1484,1510
2016,"1","12784","00-0032406","LB","IND","DET_LB_OPP",2,-9,1500,1500,-16,1484,1516
2016,"1","10989","00-0028932","LB","PIT","WAS_LB_OPP",2,-9,1500,1500,-16,1484,1510
2016,"1","8843","00-0025555","DB","BUF","BAL_DB_OPP",2,-9,1500,1500,-16,1484,1509
2016,"1","10831","00-0029647","LB","DAL","NYG_LB_OPP",2,-9,1500,1500,-16,1484,1507
2016,"1","10353","00-0028041","LB","CHI","HOU_LB_OPP",2,-9,1500,1500,-16,1484,1509
2016,"1","11358","00-0030523","DB","DEN","CAR_DB_OPP",2,-9,1500,1500,-16,1484,1511
2016,"1","9679","00-0026964","DL","TB","ATL_DL_OPP",2,-6,1500,1500,-16,1484,1510
2016,"1","11350","00-0030566","DB","ARI","NE_DB_OPP",2,-9,1500,1500,-16,1484,1506
2016,"1","12536","00-0031997","DL","DAL","NYG_DL_OPP",2,-6,1500,1500,-16,1484,1516
2016,"1","12136","00-0030697","DL","CLE","PHI_DL_OPP",2,-6,1500,1500,-16,1484,1506
2016,"1","12243","00-0032102","LB","NO","LV_LB_OPP",2,-9,1500,1500,-16,1484,1504
2016,"1","12205","00-0032055","WR","CAR","DEN_WR_OPP",1.9,-9.6,1500,1500,-16,1484,1507
2016,"1","12648","00-0032760","WR","WAS","PIT_WR_OPP",1.9,-9.6,1500,1500,-16,1484,1502
2016,"1","11761","00-0031376","RB","MIN","TEN_RB_OPP",1.9,-8.8,1500,1500,-16,1484,1516
2016,"1","11100","00-0028581","RB","ATL","TB_RB_OPP",1.8,-8.9,1500,1500,-16,1484,1504
2016,"1","11682","00-0031021","WR","GB","JAX_WR_OPP",1.8,-9.7,1500,1500,-16,1484,1495
2016,"1","9823","00-0027902","WR","DAL","NYG_WR_OPP",1.8,-9.7,1500,1500,-16,1484,1509
2016,"1","11783","00-0031051","WR","ARI","NE_WR_OPP",1.8,-9.7,1500,1500,-16,1484,1509
2016,"1","9315","00-0026069","RB","CAR","DEN_RB_OPP",1.7,-9,1500,1500,-16,1484,1516
2016,"1","9474","00-0027061","TE","GB","JAX_TE_OPP",1.7,-7.7,1500,1500,-16,1484,1516
2016,"1","11957","00-0028411","WR","LAC","KC_WR_OPP",1.6,-9.9,1500,1500,-16,1484,1508
2016,"1","10743","00-0029697","TE","NO","LV_TE_OPP",1.6,-7.8,1500,1500,-16,1484,1516
2016,"1","12651","00-0033069","WR","HOU","CHI_WR_OPP",1.6,-9.9,1500,1500,-16,1484,1498
2016,"1","11698","00-0031302","TE","HOU","CHI_TE_OPP",1.6,-7.8,1500,1500,-16,1484,1516
2016,"1","11895","00-0031102","RB","DEN","CAR_RB_OPP",1.6,-9.1,1500,1500,-16,1484,1507
2016,"1","12402","00-0031731","RB","JAX","GB_RB_OPP",1.53,-9.17,1500,1500,-16,1484,1504
2016,"1","12899","00-0032562","TE","DET","IND_TE_OPP",1.5,-7.9,1500,1500,-16,1484,1504
2016,"1","11786","00-0030992","TE","BAL","BUF_TE_OPP",1.5,-7.9,1500,1500,-16,1484,1516
2016,"1","11409","00-0030113","WR","MIN","TEN_WR_OPP",1.5,-10,1500,1500,-16,1484,1507
2016,"1","12439","00-0031757","WR","DAL","NYG_WR_OPP",1.43,-10.07,1500,1500,-16,1484,1509
2016,"1","12561","00-0031514","WR","IND","DET_WR_OPP",1.4,-10.1,1500,1500,-16,1484,1490
2016,"1","10998","00-0028198","RB","MIN","TEN_RB_OPP",1.3,-9.4,1500,1500,-16,1484,1516
2016,"1","9783","00-0026739","WR","DEN","CAR_WR_OPP",1.3,-10.2,1500,1500,-16,1484,1516
2016,"1","12286","00-0032106","DB","LAC","KC_DB_OPP",1.29,-9.71,1500,1500,-16,1484,1517
2016,"1","12749","00-0032390","DB","NE","ARI_DB_OPP",1.28,-9.72,1500,1500,-16,1484,1508
2016,"1","12678","00-0033110","TE","LA","SF_TE_OPP",1.2,-8.2,1500,1500,-16,1484,1516
2016,"1","12913","00-0032543","WR","CIN","NYJ_WR_OPP",1.2,-10.3,1500,1500,-16,1484,1502
2016,"1","8298","00-0024272","WR","BAL","BUF_WR_OPP",1.16,-10.34,1500,1500,-16,1484,1510
2016,"1","12009","00-0031332","RB","PIT","WAS_RB_OPP",1.14,-9.56,1500,1500,-16,1484,1504
2016,"1","11874","00-0031291","WR","CIN","NYJ_WR_OPP",1.1,-10.4,1500,1500,-16,1484,1502
2016,"1","9524","00-0027057","WR","BUF","BAL_WR_OPP",1.05,-10.45,1500,1500,-16,1484,1516
2016,"1","12739","00-0033120","DL","GB","JAX_DL_OPP",1,-7,1500,1500,-16,1484,1516
2016,"1","12700","00-0032763","DL","TEN","MIN_DL_OPP",1,-7,1500,1500,-16,1484,1516
2016,"1","12185","00-0031570","WR","ATL","TB_WR_OPP",1,-10.5,1500,1500,-16,1484,1498
2016,"1","12796","00-0032416","DL","SEA","MIA_DL_OPP",1,-7,1500,1500,-16,1484,1506
2016,"1","12222","00-0031566","DL","NE","ARI_DL_OPP",1,-7,1500,1500,-16,1484,1502
2016,"1","11807","00-0031177","DL","BAL","BUF_DL_OPP",1,-7,1500,1500,-16,1484,1513
2016,"1","12795","00-0032415","LB","BAL","BUF_LB_OPP",1,-10,1500,1500,-16,1484,1516
2016,"1","12802","00-0032424","DL","HOU","CHI_DL_OPP",1,-7,1500,1500,-16,1484,1507
2016,"1","12780","00-0032402","DL","IND","DET_DL_OPP",1,-7,1500,1500,-16,1484,1516
2016,"1","12360","00-0031619","DL","HOU","CHI_DL_OPP",1,-7,1500,1500,-16,1484,1507
2016,"1","12008","00-0030776","DL","NYG","DAL_DL_OPP",1,-7,1500,1500,-16,1484,1511
2016,"1","11862","00-0031089","DL","PHI","CLE_DL_OPP",1,-7,1500,1500,-16,1484,1506
2016,"1","12782","00-0033051","DL","NO","LV_DL_OPP",1,-7,1500,1500,-16,1484,1516
2016,"1","9917","00-0027684","DL","MIA","SEA_DL_OPP",1,-7,1500,1500,-16,1484,1509
2016,"1","9930","00-0027705","DB","TB","ATL_DB_OPP",1,-10,1500,1500,-16,1484,1507
2016,"1","10272","00-0027949","DL","HOU","CHI_DL_OPP",1,-7,1500,1500,-16,1484,1507
2016,"1","9134","00-0026206","DL","IND","DET_DL_OPP",1,-7,1500,1500,-16,1484,1516
2016,"1","11613","00-0028908","DB","MIA","SEA_DB_OPP",1,-10,1500,1500,-16,1484,1507
2016,"1","12817","00-0033047","DB","DAL","NYG_DB_OPP",1,-10,1500,1500,-16,1484,1510
2016,"1","11707","00-0031412","DL","PIT","WAS_DL_OPP",1,-7,1500,1500,-16,1484,1516
2016,"1","11237","00-0030147","WR","TB","ATL_WR_OPP",0.9,-10.6,1500,1500,-16,1484,1509
2016,"1","8356","00-0024330","DB","WAS","PIT_DB_OPP",0.87,-10.13,1500,1500,-16,1484,1504
2016,"1","12636","00-0032782","RB","PHI","CLE_RB_OPP",0.79,-9.91,1500,1500,-16,1484,1508
2016,"1","11210","00-0030547","RB","JAX","GB_RB_OPP",0.7,-10,1500,1500,-16,1484,1504
2016,"1","11180","00-0030433","RB","BUF","BAL_RB_OPP",0.6,-10.1,1500,1500,-16,1484,1504
2016,"1","10250","00-0027547","DB","MIN","TEN_DB_OPP",0.5,-10.5,1500,1500,-16,1484,1502
2016,"1","12261","00-0032200","RB","GB","JAX_RB_OPP",0.42,-10.28,1500,1500,-16,1484,1516
2016,"1","10932","00-0029239","RB","NE","ARI_RB_OPP",0.4,-10.3,1500,1500,-16,1484,1508
2016,"1","11652","00-0031057","RB","CHI","HOU_RB_OPP",0.4,-10.3,1500,1500,-16,1484,1498
2016,"1","8590","00-0022999","RB","NO","LV_RB_OPP",0.4,-10.3,1500,1500,-16,1484,1514
2016,"1","11834","00-0031075","RB","HOU","CHI_RB_OPP",0.4,-10.3,1500,1500,-16,1484,1509
2016,"1","12207","00-0032117","TE","BUF","BAL_TE_OPP",0.39,-9.01,1500,1500,-16,1484,1516
2016,"1","12040","00-0030968","RB","DAL","NYG_RB_OPP",0.3,-10.4,1500,1500,-16,1484,1509
2016,"1","11851","00-0031085","RB","HOU","CHI_RB_OPP",0.2,-10.5,1500,1500,-16,1484,1509
2016,"1","9078","00-0026164","RB","ARI","NE_RB_OPP",0.2,-10.5,1500,1500,-16,1484,1504
2016,"1","12164","00-0032063","RB","SF","LA_RB_OPP",0.1,-10.6,1500,1500,-16,1484,1504
2016,"1","12506","00-0031904","DB","CHI","HOU_DB_OPP",0,-11,1500,1500,-16,1484,1514
2016,"1","10874","00-0029530","DB","ARI","NE_DB_OPP",0,-11,1500,1500,-16,1484,1506
2016,"1","12965","00-0032922","DB","GB","JAX_DB_OPP",0,-11,1500,1500,-16,1484,1504
2016,"1","9435","00-0026989","LB","TEN","MIN_LB_OPP",0,-11,1500,1500,-16,1484,1516
2016,"1","12419","00-0031719","LB","MIA","SEA_LB_OPP",0,-11,1500,1500,-16,1484,1504
2016,"1","11870","00-0031001","WR","GB","JAX_WR_OPP",0,-11.5,1500,1500,-15,1485,1495
2016,"1","12201","00-0031854","WR","SF","LA_WR_OPP",0,-11.5,1500,1500,-15,1485,1510
2016,"1","12479","00-0031922","TE","DET","IND_TE_OPP",0,-9.4,1500,1500,-16,1484,1504
2016,"1","10362","00-0028052","WR","TB","ATL_WR_OPP",0,-11.5,1500,1500,-15,1485,1509
2016,"1","11262","00-0030503","LB","ARI","NE_LB_OPP",0,-11,1500,1500,-16,1484,1504
2016,"1","12213","00-0032062","TE","SF","LA_TE_OPP",0,-9.4,1500,1500,-16,1484,1511
2016,"1","12916","00-0032935","WR","LV","NO_WR_OPP",0,-11.5,1500,1500,-15,1485,1501
2016,"1","10005","00-0027812","LB","DEN","CAR_LB_OPP",0,-11,1500,1500,-16,1484,1507
2016,"1","12713","00-0032389","DB","MIN","TEN_DB_OPP",0,-11,1500,1500,-16,1484,1502
2016,"1","12708","00-0032894","LB","LAC","KC_LB_OPP",0,-11,1500,1500,-16,1484,1512
2016,"1","11684","00-0030990","WR","PHI","CLE_WR_OPP",0,-11.5,1500,1500,-15,1485,1498
2016,"1","10322","00-0027979","DL","NYJ","CIN_DL_OPP",0,-8,1500,1500,-16,1484,1498
2016,"1","12960","00-0032859","DL","PHI","CLE_DL_OPP",0,-8,1500,1500,-16,1484,1506
2016,"1","12326","00-0031596","LB","CAR","DEN_LB_OPP",0,-11,1500,1500,-16,1484,1504
2016,"1","11078","00-0029479","LB","MIN","TEN_LB_OPP",0,-11,1500,1500,-16,1484,1504
2016,"1","12630","00-0033118","RB","MIA","SEA_RB_OPP",0,-10.7,1500,1500,-16,1484,1504
2016,"1","9646","00-0026944","DB","MIN","TEN_DB_OPP",0,-11,1500,1500,-16,1484,1502
2016,"1","12609","00-0031707","LB","ARI","NE_LB_OPP",0,-11,1500,1500,-16,1484,1504
2016,"1","12448","00-0032007","DB","WAS","PIT_DB_OPP",0,-11,1500,1500,-16,1484,1504
2016,"1","11011","00-0029065","DB","DET","IND_DB_OPP",0,-11,1500,1500,-16,1484,1515
2016,"1","10955","00-0029129","WR","SF","LA_WR_OPP",0,-11.5,1500,1500,-15,1485,1510
2016,"1","12804","00-0032425","LB","DET","IND_LB_OPP",0,-11,1500,1500,-16,1484,1507
2016,"1","11595","00-0030170","DB","NYJ","CIN_DB_OPP",0,-11,1500,1500,-16,1484,1509
2016,"1","9671","00-0026957","TE","PIT","WAS_TE_OPP",0,-9.4,1500,1500,-16,1484,1516
2016,"1","11555","00-0029764","DB","LA","SF_DB_OPP",0,-11,1500,1500,-16,1484,1498
2016,"1","12930","00-0032688","WR","NYJ","CIN_WR_OPP",0,-11.5,1500,1500,-15,1485,1504
2016,"1","10906","00-0029629","LB","NO","LV_LB_OPP",0,-11,1500,1500,-16,1484,1504
2016,"1","12870","00-0032994","LB","CAR","DEN_LB_OPP",0,-11,1500,1500,-16,1484,1504
2016,"1","10301","00-0028121","RB","IND","DET_RB_OPP",0,-10.7,1500,1500,-16,1484,1507
2016,"1","10924","00-0029612","RB","PIT","WAS_RB_OPP",0,-10.7,1500,1500,-16,1484,1504
2016,"1","12826","00-0032797","DB","MIA","SEA_DB_OPP",0,-11,1500,1500,-16,1484,1507
2016,"1","12179","00-0031560","WR","HOU","CHI_WR_OPP",0,-11.5,1500,1500,-15,1485,1498
2016,"1","11434","00-0029878","TE","MIA","SEA_TE_OPP",0,-9.4,1500,1500,-16,1484,1516
2016,"1","10846","00-0029568","DL","JAX","GB_DL_OPP",0,-8,1500,1500,-16,1484,1516
2016,"1","11859","00-0031242","DL","MIN","TEN_DL_OPP",0,-8,1500,1500,-16,1484,1504
2016,"1","12818","00-0033113","LB","LA","SF_LB_OPP",0,-11,1500,1500,-16,1484,1507
2016,"1","11239","00-0030068","WR","BUF","BAL_WR_OPP",0,-11.5,1500,1500,-15,1485,1516
2016,"1","12481","00-0031740","LB","MIA","SEA_LB_OPP",0,-11,1500,1500,-16,1484,1504
2016,"1","12485","00-0031680","DB","ATL","TB_DB_OPP",0,-11,1500,1500,-16,1484,1504
2016,"1","12762","00-0032892","LB","CIN","NYJ_LB_OPP",0,-11,1500,1500,-16,1484,1507
2016,"1","11123","00-0029391","TE","LAC","KC_TE_OPP",0,-9.4,1500,1500,-16,1484,1516
2016,"1","11994","00-0029112","DL","TB","ATL_DL_OPP",0,-8,1500,1500,-16,1484,1510
2016,"1","10554","00-0028339","DL","CAR","DEN_DL_OPP",0,-8,1500,1500,-16,1484,1516
2016,"1","10560","00-0027573","DL","CHI","HOU_DL_OPP",0,-8,1500,1500,-16,1484,1498
2016,"1","11852","00-0031290","LB","CIN","NYJ_LB_OPP",0,-11,1500,1500,-16,1484,1507
2016,"1","9859","00-0027654","WR","JAX","GB_WR_OPP",0,-11.5,1500,1500,-15,1485,1506
2016,"1","11701","00-0031035","TE","PIT","WAS_TE_OPP",0,-9.4,1500,1500,-16,1484,1516
2016,"1","12693","00-0033122","LB","LV","NO_LB_OPP",0,-11,1500,1500,-16,1484,1510
2016,"1","12820","00-0033056","LB","LV","NO_LB_OPP",0,-11,1500,1500,-16,1484,1510
2016,"1","12474","00-0032162","DL","IND","DET_DL_OPP",0,-8,1500,1500,-16,1484,1516
2016,"1","12675","00-0033114","WR","LA","SF_WR_OPP",0,-11.5,1500,1500,-15,1485,1516
2016,"1","12816","00-0032430","TE","MIN","TEN_TE_OPP",0,-9.4,1500,1500,-16,1484,1504
2016,"1","11321","00-0030469","DB","TB","ATL_DB_OPP",0,-11,1500,1500,-16,1484,1507
2016,"1","12777","00-0033079","WR","CLE","PHI_WR_OPP",0,-11.5,1500,1500,-15,1485,1516
2016,"1","11904","00-0030854","TE","IND","DET_TE_OPP",0,-9.4,1500,1500,-16,1484,1492
2016,"1","9948","00-0027736","DB","BAL","BUF_DB_OPP",0,-11,1500,1500,-16,1484,1511
2016,"1","11724","00-0031130","LB","CHI","HOU_LB_OPP",0,-11,1500,1500,-16,1484,1509
2016,"1","11758","00-0031344","WR","DEN","CAR_WR_OPP",0,-11.5,1500,1500,-15,1485,1516
2016,"1","12717","00-0032888","DB","LV","NO_DB_OPP",0,-11,1500,1500,-16,1484,1502
2016,"1","12065","00-0029958","DB","SEA","MIA_DB_OPP",0,-11,1500,1500,-16,1484,1516
2016,"1","12772","00-0033038","DB","KC","LAC_DB_OPP",0,-11,1500,1500,-16,1484,1508
2016,"1","11101","00-0027925","RB","NE","ARI_RB_OPP",0,-10.7,1500,1500,-16,1484,1508
2016,"1","10398","00-0028097","TE","LV","NO_TE_OPP",0,-9.4,1500,1500,-16,1484,1516
2016,"1","9638","00-0027139","TE","DEN","CAR_TE_OPP",0,-9.4,1500,1500,-16,1484,1516
2016,"1","10103","00-0027743","DB","CHI","HOU_DB_OPP",0,-11,1500,1500,-16,1484,1514
2016,"1","12302","00-0032215","LB","DAL","NYG_LB_OPP",0,-11,1500,1500,-16,1484,1507
2016,"1","12212","00-0032214","TE","CIN","NYJ_TE_OPP",0,-9.4,1500,1500,-16,1484,1516
2016,"1","11251","00-0030544","TE","DAL","NYG_TE_OPP",0,-9.4,1500,1500,-16,1484,1504
2016,"1","12741","00-0032762","DL","KC","LAC_DL_OPP",0,-8,1500,1500,-16,1484,1516
2016,"1","12330","00-0031951","TE","KC","LAC_TE_OPP",0,-9.4,1500,1500,-16,1484,1507
2016,"1","11295","00-0030558","LB","NE","ARI_LB_OPP",0,-11,1500,1500,-16,1484,1507
2016,"1","10848","00-0029575","DB","BUF","BAL_DB_OPP",0,-11,1500,1500,-16,1484,1509
2016,"1","11462","00-0029955","LB","ATL","TB_LB_OPP",0,-11,1500,1500,-16,1484,1513
2016,"1","12307","00-0031945","LB","WAS","PIT_LB_OPP",0,-11,1500,1500,-16,1484,1503
2016,"1","11501","00-0030041","DB","BUF","BAL_DB_OPP",0,-11,1500,1500,-16,1484,1509
2016,"1","12751","00-0033064","DL","DEN","CAR_DL_OPP",0,-8,1500,1500,-16,1484,1516
2016,"1","11338","00-0029107","DB","SEA","MIA_DB_OPP",0,-11,1500,1500,-16,1484,1516
2016,"1","12763","00-0032955","LB","GB","JAX_LB_OPP",0,-11,1500,1500,-16,1484,1512
2016,"1","12949","00-0032475","WR","SEA","MIA_WR_OPP",0,-11.5,1500,1500,-15,1485,1509
2016,"1","12910","00-0032320","DB","NO","LV_DB_OPP",0,-11,1500,1500,-16,1484,1510
2016,"1","12223","00-0031556","LB","CLE","PHI_LB_OPP",0,-11,1500,1500,-16,1484,1502
2016,"1","12281","00-0031559","DB","NE","ARI_DB_OPP",0,-11,1500,1500,-16,1484,1508
2016,"1","9452","00-0026983","WR","PIT","WAS_WR_OPP",0,-11.5,1500,1500,-15,1485,1498
2016,"1","11474","00-0029931","RB","MIN","TEN_RB_OPP",0,-10.7,1500,1500,-16,1484,1516
2016,"1","9608","00-0027124","DB","DET","IND_DB_OPP",0,-11,1500,1500,-16,1484,1515
2016,"1","11529","00-0030216","TE","NO","LV_TE_OPP",0,-9.4,1500,1500,-16,1484,1516
2016,"1","12325","00-0031595","RB","DET","IND_RB_OPP",0,-10.7,1500,1500,-16,1484,1498
2016,"1","11719","00-0031193","DL","PIT","WAS_DL_OPP",0,-8,1500,1500,-16,1484,1516
2016,"1","11127","00-0029520","DB","HOU","CHI_DB_OPP",0,-11,1500,1500,-16,1484,1511
2016,"1","12758","00-0033093","DL","CHI","HOU_DL_OPP",0,-8,1500,1500,-16,1484,1498
2016,"1","12500","00-0032181","LB","WAS","PIT_LB_OPP",0,-11,1500,1500,-16,1484,1503
2016,"1","10063","00-0027378","DB","PHI","CLE_DB_OPP",0,-11,1500,1500,-16,1484,1509
2016,"1","10674","00-0028263","WR","LV","NO_WR_OPP",0,-11.5,1500,1500,-15,1485,1501
2016,"1","12790","00-0032410","DB","SF","LA_DB_OPP",0,-11,1500,1500,-16,1484,1516
2016,"1","12764","00-0033109","DL","PIT","WAS_DL_OPP",0,-8,1500,1500,-16,1484,1516
2016,"1","12298","00-0032131","DL","ARI","NE_DL_OPP",0,-8,1500,1500,-16,1484,1514
2016,"1","11272","00-0030576","LB","GB","JAX_LB_OPP",0,-11,1500,1500,-16,1484,1512
2016,"1","12978","00-0031357","DB","ATL","TB_DB_OPP",0,-11,1500,1500,-16,1484,1504
2016,"1","12689","00-0033074","LB","TEN","MIN_LB_OPP",0,-11,1500,1500,-16,1484,1516
2016,"1","10888","00-0029303","DL","DEN","CAR_DL_OPP",0,-8,1500,1500,-16,1484,1516
2016,"1","12206","00-0031558","TE","BAL","BUF_TE_OPP",0,-9.4,1500,1500,-16,1484,1516
2016,"1","11212","00-0030521","WR","MIA","SEA_WR_OPP",0,-11.5,1500,1500,-15,1485,1509
2016,"1","12781","00-0032403","DB","NYJ","CIN_DB_OPP",0,-11,1500,1500,-16,1484,1509
2016,"1","12785","00-0032775","WR","KC","LAC_WR_OPP",0,-11.5,1500,1500,-15,1485,1509
2016,"1","12835","00-0032958","DB","DEN","CAR_DB_OPP",0,-11,1500,1500,-16,1484,1511
2016,"1","12365","00-0031620","DL","NYJ","CIN_DL_OPP",0,-8,1500,1500,-16,1484,1498
2016,"1","12353","00-0031612","RB","GB","JAX_RB_OPP",0,-10.7,1500,1500,-16,1484,1516
2016,"1","9200","00-0026293","WR","NE","ARI_WR_OPP",0,-11.5,1500,1500,-15,1485,1502
2016,"1","11923","00-0031158","RB","CLE","PHI_RB_OPP",0,-10.7,1500,1500,-16,1484,1507
2016,"1","11766","00-0031371","DL","PHI","CLE_DL_OPP",0,-8,1500,1500,-16,1484,1506
2016,"1","11703","00-0031044","TE","ARI","NE_TE_OPP",0,-9.4,1500,1500,-16,1484,1516
2016,"1","12494","00-0032081","LB","LAC","KC_LB_OPP",0,-11,1500,1500,-16,1484,1512
2016,"1","11249","00-0030422","TE","MIA","SEA_TE_OPP",0,-9.4,1500,1500,-16,1484,1516
2016,"1","11194","00-0030280","RB","KC","LAC_RB_OPP",0,-10.7,1500,1500,-16,1484,1507
2016,"1","12329","00-0031950","LB","KC","LAC_LB_OPP",0,-11,1500,1500,-16,1484,1498
2016,"1","12813","00-0032790","DB","CHI","HOU_DB_OPP",0,-11,1500,1500,-16,1484,1514
2016,"1","11619","00-0030317","DB","SF","LA_DB_OPP",0,-11,1500,1500,-16,1484,1516
2016,"1","11374","00-0030387","DL","PHI","CLE_DL_OPP",0,-8,1500,1500,-16,1484,1506
2016,"1","12948","00-0032655","DL","NYG","DAL_DL_OPP",0,-8,1500,1500,-16,1484,1511
2016,"1","12792","00-0033080","TE","CLE","PHI_TE_OPP",0,-9.4,1500,1500,-16,1484,1516
2016,"1","11337","00-0029738","TE","ARI","NE_TE_OPP",0,-9.4,1500,1500,-16,1484,1516
2016,"1","12138","00-0031167","TE","CAR","DEN_TE_OPP",0,-9.4,1500,1500,-16,1484,1504
2016,"1","10123","00-0027215","TE","CHI","HOU_TE_OPP",0,-9.4,1500,1500,-16,1484,1516
2016,"1","12940","00-0032628","DB","GB","JAX_DB_OPP",0,-11,1500,1500,-16,1484,1504
2016,"1","10315","00-0027980","DL","ATL","TB_DL_OPP",0,-8,1500,1500,-16,1484,1516
2016,"1","12252","00-0031799","DB","MIN","TEN_DB_OPP",0,-11,1500,1500,-16,1484,1502
2016,"1","8674","00-0025405","DB","NYG","DAL_DB_OPP",0,-11,1500,1500,-16,1484,1506
2016,"1","12690","00-0032952","DL","TB","ATL_DL_OPP",0,-8,1500,1500,-16,1484,1510
2016,"1","11278","00-0029946","DL","JAX","GB_DL_OPP",0,-8,1500,1500,-16,1484,1516
2016,"1","10378","00-0028074","RB","KC","LAC_RB_OPP",0,-10.7,1500,1500,-16,1484,1507
2016,"1","12544","00-0031844","DB","WAS","PIT_DB_OPP",0,-11,1500,1500,-16,1484,1504
2016,"1","10412","00-0028116","WR","ATL","TB_WR_OPP",0,-11.5,1500,1500,-15,1485,1498
2016,"1","12362","00-0032171","LB","JAX","GB_LB_OPP",0,-11,1500,1500,-16,1484,1504
2016,"1","6510","00-0021140","LB","GB","JAX_LB_OPP",0,-11,1500,1500,-16,1484,1512
2016,"1","12972","00-0032465","DB","SEA","MIA_DB_OPP",0,-11,1500,1500,-16,1484,1516
2016,"1","11955","00-0030770","LB","SEA","MIA_LB_OPP",0,-11,1500,1500,-16,1484,1499
2016,"1","11396","00-0030104","LB","TEN","MIN_LB_OPP",0,-11,1500,1500,-16,1484,1516
2016,"1","12977","00-0032502","LB","ARI","NE_LB_OPP",0,-11,1500,1500,-16,1484,1504
2016,"1","12718","00-0032939","DB","NO","LV_DB_OPP",0,-11,1500,1500,-16,1484,1510
2016,"1","11428","00-0030127","DB","ARI","NE_DB_OPP",0,-11,1500,1500,-16,1484,1506
2016,"1","11289","00-0030507","DL","PHI","CLE_DL_OPP",0,-8,1500,1500,-16,1484,1506
2016,"1","10811","00-0029691","DB","TB","ATL_DB_OPP",0,-11,1500,1500,-16,1484,1507
2016,"1","11799","00-0031307","DB","MIA","SEA_DB_OPP",0,-11,1500,1500,-16,1484,1507
2016,"1","10488","00-0028620","LB","NYG","DAL_LB_OPP",0,-11,1500,1500,-16,1484,1516
2016,"1","11543","00-0030196","DB","DAL","NYG_DB_OPP",0,-11,1500,1500,-16,1484,1510
2016,"1","12771","00-0033010","DL","JAX","GB_DL_OPP",0,-8,1500,1500,-16,1484,1516
2016,"1","12990","00-0032496","DB","IND","DET_DB_OPP",0,-11,1500,1500,-16,1484,1506
2016,"1","11282","00-0030402","DL","TB","ATL_DL_OPP",0,-8,1500,1500,-16,1484,1510
2016,"1","12988","00-0032580","DB","NE","ARI_DB_OPP",0,-11,1500,1500,-16,1484,1508
2016,"1","11805","00-0031308","LB","SEA","MIA_LB_OPP",0,-11,1500,1500,-16,1484,1499
2016,"1","10540","00-0024030","DL","MIN","TEN_DL_OPP",0,-8,1500,1500,-16,1484,1504
2016,"1","11782","00-0031304","DL","CIN","NYJ_DL_OPP",0,-8,1500,1500,-16,1484,1502
2016,"1","11252","00-0030443","TE","ATL","TB_TE_OPP",0,-9.4,1500,1500,-16,1484,1504
2016,"1","10849","00-0029418","LB","PHI","CLE_LB_OPP",0,-11,1500,1500,-16,1484,1516
2016,"1","11014","00-0028454","LB","NE","ARI_LB_OPP",0,-11,1500,1500,-16,1484,1507
2016,"1","12829","00-0032438","DB","BAL","BUF_DB_OPP",0,-11,1500,1500,-16,1484,1511
2016,"1","12846","00-0032804","RB","NO","LV_RB_OPP",0,-10.7,1500,1500,-16,1484,1514
2016,"1","11362","00-0030412","DB","PIT","WAS_DB_OPP",0,-11,1500,1500,-16,1484,1511
2016,"1","11000","00-0029061","LB","NYJ","CIN_LB_OPP",0,-11,1500,1500,-16,1484,1516
2016,"1","12444","00-0031900","RB","DAL","NYG_RB_OPP",0,-10.7,1500,1500,-16,1484,1509
2016,"1","11416","00-0030517","LB","TEN","MIN_LB_OPP",0,-11,1500,1500,-16,1484,1516
2016,"1","12963","00-0032552","DB","DET","IND_DB_OPP",0,-11,1500,1500,-16,1484,1515
2016,"1","12906","00-0032525","DB","JAX","GB_DB_OPP",0,-11,1500,1500,-16,1484,1510
2016,"1","11787","00-0031173","DB","PHI","CLE_DB_OPP",0,-11,1500,1500,-16,1484,1509
2016,"1","11977","00-0030860","RB","NYG","DAL_RB_OPP",0,-10.7,1500,1500,-16,1484,1517
2016,"1","9425","00-0023368","DL","MIA","SEA_DL_OPP",0,-8,1500,1500,-16,1484,1509
2016,"1","12351","00-0031609","TE","NE","ARI_TE_OPP",0,-9.4,1500,1500,-16,1484,1516
2016,"1","12363","00-0032120","TE","JAX","GB_TE_OPP",0,-9.4,1500,1500,-16,1484,1507
2016,"1","12253","00-0032069","DB","CIN","NYJ_DB_OPP",0,-11,1500,1500,-16,1484,1503
2016,"1","12575","00-0031847","LB","TB","ATL_LB_OPP",0,-11,1500,1500,-16,1484,1498
2016,"1","12398","00-0031697","WR","DEN","CAR_WR_OPP",0,-11.5,1500,1500,-15,1485,1516
2016,"1","8294","00-0024268","TE","TEN","MIN_TE_OPP",0,-9.4,1500,1500,-16,1484,1516
2016,"1","12754","00-0033131","DL","DAL","NYG_DL_OPP",0,-8,1500,1500,-16,1484,1516
2016,"1","12794","00-0032413","DL","SF","LA_DL_OPP",0,-8,1500,1500,-16,1484,1512
2016,"1","12760","00-0032891","DB","CAR","DEN_DB_OPP",0,-11,1500,1500,-16,1484,1504
2016,"1","11403","00-0030434","LB","PIT","WAS_LB_OPP",0,-11,1500,1500,-16,1484,1510
2016,"1","12728","00-0031696","LB","DEN","CAR_LB_OPP",0,-11,1500,1500,-16,1484,1507
2016,"1","11418","00-0030119","LB","KC","LAC_LB_OPP",0,-11,1500,1500,-16,1484,1498
2016,"1","12974","00-0030023","DB","PIT","WAS_DB_OPP",0,-11,1500,1500,-16,1484,1511
2016,"1","9674","00-0026502","DL","WAS","PIT_DL_OPP",0,-8,1500,1500,-16,1484,1516
2016,"1","12542","00-0031856","DB","NE","ARI_DB_OPP",0,-11,1500,1500,-16,1484,1508
2016,"1","12294","00-0032130","RB","TEN","MIN_RB_OPP",0,-10.7,1500,1500,-16,1484,1507
2016,"1","12662","00-0032441","WR","SF","LA_WR_OPP",0,-11.5,1500,1500,-15,1485,1510
2016,"1","9912","00-0027675","TE","CAR","DEN_TE_OPP",0,-9.4,1500,1500,-16,1484,1504
2016,"1","12879","00-0032479","DB","SEA","MIA_DB_OPP",0,-11,1500,1500,-16,1484,1516
2016,"1","12720","00-0032454","DB","MIN","TEN_DB_OPP",0,-11,1500,1500,-16,1484,1502
2016,"1","12489","00-0030010","LB","DET","IND_LB_OPP",0,-11,1500,1500,-16,1484,1507
2016,"1","12072","00-0031120","LB","TB","ATL_LB_OPP",0,-11,1500,1500,-16,1484,1498
2016,"1","12547","00-0031902","LB","CHI","HOU_LB_OPP",0,-11,1500,1500,-16,1484,1509
2016,"1","12776","00-0032399","DB","DET","IND_DB_OPP",0,-11,1500,1500,-16,1484,1515
2016,"1","9189","00-0026281","TE","CLE","PHI_TE_OPP",0,-9.4,1500,1500,-16,1484,1516
2016,"1","11024","00-0029050","DB","TEN","MIN_DB_OPP",0,-11,1500,1500,-16,1484,1508
2016,"1","11709","00-0031300","DL","WAS","PIT_DL_OPP",0,-8,1500,1500,-16,1484,1516
2016,"1","10777","00-0029676","DB","DAL","NYG_DB_OPP",0,-11,1500,1500,-16,1484,1510
2016,"1","11182","00-0030288","RB","CIN","NYJ_RB_OPP",0,-10.7,1500,1500,-16,1484,1516
2016,"1","12761","00-0033037","DL","BUF","BAL_DL_OPP",0,-8,1500,1500,-16,1484,1516
2016,"1","11927","00-0030780","TE","CIN","NYJ_TE_OPP",0,-9.4,1500,1500,-16,1484,1516
2016,"1","10884","00-0029570","DB","NE","ARI_DB_OPP",0,-11,1500,1500,-16,1484,1508
2016,"1","12850","00-0032807","DB","CIN","NYJ_DB_OPP",0,-11,1500,1500,-16,1484,1503
2016,"1","12230","00-0032240","LB","ATL","TB_LB_OPP",0,-11,1500,1500,-16,1484,1513
2016,"1","12738","00-0033103","DB","PIT","WAS_DB_OPP",0,-11,1500,1500,-16,1484,1511
2016,"1","11901","00-0030789","RB","TEN","MIN_RB_OPP",0,-10.7,1500,1500,-16,1484,1507
2016,"1","11996","00-0031255","DL","NO","LV_DL_OPP",0,-8,1500,1500,-16,1484,1516
2016,"1","12209","00-0032139","TE","JAX","GB_TE_OPP",0,-9.4,1500,1500,-16,1484,1507
2016,"1","11956","00-0030665","DB","KC","LAC_DB_OPP",0,-11,1500,1500,-16,1484,1508
2016,"1","11265","00-0030386","DL","TB","ATL_DL_OPP",0,-8,1500,1500,-16,1484,1510
2016,"1","10975","00-0029510","RB","HOU","CHI_RB_OPP",0,-10.7,1500,1500,-16,1484,1509
2016,"1","12743","00-0032386","LB","BAL","BUF_LB_OPP",0,-11,1500,1500,-16,1484,1516
2016,"1","12823","00-0032897","RB","LAC","KC_RB_OPP",0,-10.7,1500,1500,-16,1484,1492
2016,"1","12637","00-0032741","RB","TB","ATL_RB_OPP",0,-10.7,1500,1500,-16,1484,1492
2016,"1","12475","00-0031818","WR","LA","SF_WR_OPP",0,-11.5,1500,1500,-15,1485,1516
2016,"1","11511","00-0029794","LB","LV","NO_LB_OPP",0,-11,1500,1500,-16,1484,1510
2016,"1","10838","00-0029587","TE","MIN","TEN_TE_OPP",0,-9.4,1500,1500,-16,1484,1504
2016,"1","9729","00-0026672","LB","BUF","BAL_LB_OPP",0,-11,1500,1500,-16,1484,1498
2016,"1","11754","00-0030801","WR","NO","LV_WR_OPP",0,-11.5,1500,1500,-15,1485,1489
2016,"1","12244","00-0032248","LB","LA","SF_LB_OPP",0,-11,1500,1500,-16,1484,1507
2016,"1","12962","00-0032361","LB","IND","DET_LB_OPP",0,-11,1500,1500,-16,1484,1516
2016,"1","11457","00-0029792","LB","ATL","TB_LB_OPP",0,-11,1500,1500,-16,1484,1513
2016,"1","11812","00-0031068","WR","WAS","PIT_WR_OPP",0,-11.5,1500,1500,-15,1485,1502
2016,"1","11542","00-0030160","LB","NYJ","CIN_LB_OPP",0,-11,1500,1500,-16,1484,1516
2016,"1","12851","00-0032366","LB","PIT","WAS_LB_OPP",0,-11,1500,1500,-16,1484,1510
2016,"1","10354","00-0028042","TE","TB","ATL_TE_OPP",0,-9.4,1500,1500,-16,1484,1508
2016,"1","10360","00-0028050","WR","BUF","BAL_WR_OPP",0,-11.5,1500,1500,-15,1485,1516
2016,"1","10394","00-0028093","TE","WAS","PIT_TE_OPP",0,-9.4,1500,1500,-16,1484,1504
2016,"1","12702","00-0032968","LB","JAX","GB_LB_OPP",0,-11,1500,1500,-16,1484,1504
2016,"1","12189","00-0031594","DB","MIA","SEA_DB_OPP",0,-11,1500,1500,-16,1484,1507
2016,"1","10807","00-0029409","LB","PHI","CLE_LB_OPP",0,-11,1500,1500,-16,1484,1516
2016,"1","12673","00-0032959","WR","NYJ","CIN_WR_OPP",0,-11.5,1500,1500,-15,1485,1504
2016,"1","12898","00-0032319","TE","KC","LAC_TE_OPP",0,-9.4,1500,1500,-16,1484,1507
2016,"1","10755","00-0029412","DL","PHI","CLE_DL_OPP",0,-8,1500,1500,-16,1484,1506
2016,"1","10422","00-0028128","DB","CAR","DEN_DB_OPP",0,-11,1500,1500,-16,1484,1504
2016,"1","12709","00-0032983","LB","CLE","PHI_LB_OPP",0,-11,1500,1500,-16,1484,1502
2016,"1","11104","00-0029319","WR","CHI","HOU_WR_OPP",0,-11.5,1500,1500,-15,1485,1502
2016,"1","10514","00-0028292","LB","SF","LA_LB_OPP",0,-11,1500,1500,-16,1484,1510
2016,"1","12696","00-0032761","DL","ARI","NE_DL_OPP",0,-8,1500,1500,-16,1484,1514
2016,"1","12605","00-0031791","LB","CIN","NYJ_LB_OPP",0,-11,1500,1500,-16,1484,1507
2016,"1","12656","00-0032977","WR","CLE","PHI_WR_OPP",0,-11.5,1500,1500,-15,1485,1516
2016,"1","11793","00-0031054","DL","TEN","MIN_DL_OPP",0,-8,1500,1500,-16,1484,1516
2016,"1","9205","00-0026298","TE","NYJ","CIN_TE_OPP",0,-9.4,1500,1500,-16,1484,1516
2016,"1","12629","00-0032972","RB","DEN","CAR_RB_OPP",-0.2,-10.9,1500,1500,-16,1484,1507
2016,"1","8243","00-0024217","RB","BUF","BAL_RB_OPP",-0.4,-11.1,1500,1500,-16,1484,1504
