"player_id","player_name","pos","points","war","war_per_points"
"10143","Mclendon, Steve","DT",11,-0.128522041057035,-0.0116838219142759
"10261","Green, A.J.","WR",108.2,0.168990299739638,0.00156183271478408
"10262","Gabbert, Blaine","QB",2.08,-0.231556247159929,-0.111325118826889
"10266","Heyward, Cameron","DE",147,0.555945725629849,0.00378194371176768
"10267","Miller, Von","LB",64,-0.0384650434265827,-0.000601016303540355
"10269","Quinn, Robert","LB",125,0.230363009400205,0.00184290407520164
"10271","Jones, Julio","WR",54.6,0.0459501209332194,0.000841577306469219
"10272","Watt, J.J.","DE",37,-0.0136514703060699,-0.000368958656920809
"10273","Newton, Cam","QB",46.06,0.00618197053882863,0.000134215600061412
"10276","Ingram, Mark","RB",104.1,0.184617706476646,0.00177346499977566
"10277","Houston, Justin","LB",57,-0.118376125000358,-0.0020767741228133
"10280","Kerrigan, Ryan","DE",6,-0.928052510386336,-0.154675418397723
"10292","Jordan, Cameron","DE",87,0.124372016982907,0.00142956341359663
"10308","Cobb, Randall","WR",94.6,0.0900255005061448,0.000951643768563898
"10312","Rudolph, Kyle","TE",43.5,-0.100917510803425,-0.00231994277709024
"10313","Dalton, Andy","QB",65.18,-0.0851310660793754,-0.0013060918392049
"10320","Sheard, Jabaal","DE",1,-0.064398124770392,-0.064398124770392
"10350","Wright, K.J.","LB",47,-0.280419432193503,-0.00596637089773411
"10354","Stocker, Luke","TE",3.2,-0.126723629184883,-0.0396011341202759
"10368","Jones, Taiwan","RB",1.42,-0.520271347723034,-0.36638827304439
"10398","Smith, Lee","TE",19.3,-0.222380957515052,-0.011522329404925
"10402","McPhee, Pernell","LB",29,-0.134081850875293,-0.00462351209914804
"10413","Taylor, Tyrod","QB",86.74,-0.00924393318403105,-0.000106570592391412
"10457","Guy, Lawrence","DE",80,0.0547232585153115,0.000684040731441393
"10465","Smith, Malcolm","LB",84,0.0257622773266126,0.000306693777697769
"10514","Bellore, Nick","RB",0,-0.529368664895143,-Inf
"10554","Addison, Mario","DE",51,-0.136685302493287,-0.00268010397045661
"10653","Bynes, Josh","LB",80,0.0557710205166062,0.000697137756457578
"10697","Tannehill, Ryan","QB",202.56,0.159399130674354,0.000786923038479234
"10700","Cousins, Kirk","QB",242.62,0.449262460596249,0.00185171239220282
"10703","Wilson, Russell","QB",152.98,0.0697216263302849,0.000455756480129984
"10723","Sanu, Mohamed","WR",33.9,-0.0739817127944242,-0.00218235140986502
"10729","Hilton, T.Y.","WR",38.7,-0.00916369091556923,-0.000236787878955277
"10737","Benjamin, Travis","WR",0.82,-0.121649689481441,-0.148353279855416
"10738","Jones, Marvin","WR",120,0.264453550582965,0.00220377958819138
"10749","Ingram, Melvin","LB",31,-0.172639923199593,-0.00556902978063202
"10753","Jones, Chandler","LB",96,0.0978112466886447,0.00101886715300672
"10754","Mercilus, Whitney","DE",42,-0.0705559902749329,-0.00167990453035554
"10755","Curry, Vinny","DE",0,-0.0774270320825625,-Inf
"10762","Cox, Fletcher","DT",59,-0.224570381065646,-0.00380627764518043
"10763","Brockers, Michael","DT",62,-0.0581165913582451,-0.000937364376745889
"10766","Irvin, Bruce","DE",2,-0.0512607298535732,-0.0256303649267866
"10768","David, Lavonte","LB",140,0.284959713293569,0.00203542652352549
"10774","Hightower, Dont'a","LB",89,0.00688038088219489,7.73076503617404e-05
"10775","Wagner, Bobby","LB",233,1.02642379478817,0.00440525233814666
"10816","Davis, Demario","LB",154,0.47263814619211,0.00306907887137734
"10823","Hicks, Akiem","DE",37,-0.0136427679518647,-0.000368723458158505
"10846","Jackson, Malik","DT",39,-0.22427974516447,-0.00575076269652487
"10847","Whitehead, Tahir","LB",0,-0.0981697223408595,-Inf
"10862","Bullock, Randy","PK",91.6,0.104169428312924,0.00113722083311052
"10868","Zuerlein, Greg","PK",100.35,0.149841974945478,0.00149319357195295
"10879","Trevathan, Danny","LB",27,-0.0358037832463127,-0.00132606604615973
"10932","Bolden, Brandon","RB",89.06,0.0626939005259182,0.000703951274712757
"10940","Carrier, Derek","TE",3.3,-0.0825543905993253,-0.0250164819997956
"10948","Keenum, Case","QB",16.14,-0.210432437103588,-0.0130379452976201
"10960","Gordon, Josh","WR",3.8,-0.174423727383558,-0.04590098089041
"10973","Beasley, Cole","WR",123.1,0.290188585250388,0.00235734025386181
"10976","Tucker, Justin","PK",121.8,0.312767358306797,0.00256787650498191
"10983","Hogan, Chris","WR",14.1,-0.0745759917458395,-0.00528907742878294
"11000","Stanford, Julian","LB",7,-0.544299808865781,-0.0777571155522544
"11150","Smith, Geno","QB",56.28,-0.0675163049985787,-0.00119965005327965
"11152","Glennon, Mike","QB",16.52,-0.0949650383096881,-0.0057484890017971
"11182","Burkhead, Rex","RB",35.6,-0.177971353917213,-0.00499919533475318
"11192","Bell, Le'Veon","RB",21.2,-0.041209283094445,-0.00194383410822854
"11193","Bernard, Giovani","RB",61.04,-0.0503187431384848,-0.000824356866620001
"11213","Austin, Tavon","WR",27.5,-0.125476945354976,-0.00456279801290823
"11222","Allen, Keenan","WR",204.9,0.872971093678267,0.00426047385884952
"11225","Patterson, Cordarrelle","WR",208.66,0.683224713695598,0.00327434445363557
"11227","Stills, Kenny","WR",17.5,-0.209439284387044,-0.0119679591078311
"11228","Woods, Robert","WR",137.2,0.284822574251711,0.00207596628463346
"11232","Hopkins, DeAndre","WR",136.8,0.284011516467002,0.00207610757651317
"11239","Goodwin, Marquise","WR",49.6,-0.128541755242918,-0.00259156764602658
"11244","Kelce, Travis","TE",190.2,0.874199692986755,0.00459621289688094
"11247","Ertz, Zach","TE",118.2,0.353969081979687,0.00299466228409211
"11262","Okafor, Alex","DE",26,-0.318123293618002,-0.0122355112930001
"11265","Gholston, William","DE",45,-0.179936971313824,-0.00399859936252942
"11273","Simon, John","DE",10,-0.0122865033135655,-0.00122865033135655
"11274","Hunt, Margus","DE",8,-0.0814245774226867,-0.0101780721778358
"11280","Lotulelei, Star","DT",31,-0.0563299859440551,-0.00181709632077597
"11281","Hankins, Johnathan","DT",42,-0.116627059443256,-0.00277683474864895
"11283","Richardson, Sheldon","DT",49,-0.150884687468785,-0.00307927933609764
"11286","Jenkins, John","DT",26,-0.0322381609783875,-0.00123992926839952
"11293","Ogletree, Alec","LB",99,0.0956932321293618,0.000966598304336988
"11299","Bostic, Jon","LB",34,-0.00903037339661861,-0.000265599217547606
"11310","Minter, Kevin","LB",25,-0.272583083493541,-0.0109033233397416
"11337","Fells, Darren","TE",8.3,-0.131630723213027,-0.0158591232786779
"11349","Collins, Jamie","LB",43,-0.0528069677779088,-0.0012280690180909
"11360","Williams, Brandon","DT",43,-0.0134677624280126,-0.000313203777395642
"11367","Juszczyk, Kyle","RB",53.7,-0.168691777772863,-0.00314137388776281
"11374","Means, Steven","DE",40,-0.0485596560466348,-0.00121399140116587
"11375","Klein, A.J.","LB",61,-0.0896889875455678,-0.00147031127123882
"11387","Hopkins, Dustin","PK",99,0.148720687404205,0.00150222916569904
"11390","Murray, Latavius","RB",63.9,0.0193804156514128,0.000303292889693471
"11399","Griffin, Ryan","TE",54.64,-0.0988347572687793,-0.00180883523551939
"11412","Williams, Nick","DT",36,-0.245590352281228,-0.00682195423003412
"11448","Harris, Demetrius","TE",5.48,-0.293369189518889,-0.0535345236348337
"11460","McCray, Lerentee","DE",9,-0.213387266494186,-0.0237096962771318
"11491","Mayowa, Benson","DE",38,-0.0886983709901603,-0.0023341676576358
"11492","Square, Damion","DT",12,-0.101990608312043,-0.00849921735933693
"11511","Bates, Daren","LB",5,-0.0981898962771046,-0.0196379792554209
"11516","Doyle, Jack","TE",76.1,0.028566916322017,0.000375386548252523
"11640","Bridgewater, Teddy","QB",190.6,0.075958637866818,0.000398523808325383
"11644","Carr, Derek","QB",213.22,0.238529995718136,0.00111870366625146
"11647","Thomas, Logan","TE",54.6,0.0737394418208579,0.00135053922748824
"11657","Hyde, Carlos","RB",46,-0.127204403362807,-0.00276531311658276
"11660","Freeman, Devonta","RB",107.6,0.188509514481036,0.00175194716060443
"11670","Watkins, Sammy","WR",71.4,0.0351565127315308,0.000492388133494828
"11671","Evans, Mike","WR",197.4,0.814522762937462,0.00412625513139545
"11674","Cooks, Brandin","WR",159.3,0.545527769972525,0.00342453088494994
"11675","Adams, Davante","WR",218.3,0.728191683501871,0.00333573835777311
"11676","Matthews, Jordan","WR",0,-0.0861506031820207,-Inf
"11678","Robinson, Allen","WR",69.9,0.0275308713983549,0.000393860821149569
"11679","Beckham, Odell","WR",75.3,0.0506860324987235,0.000673121281523552
"11680","Landry, Jarvis","WR",82,0.0955060660338365,0.00116470812236386
"11695","Ebron, Eric","TE",32.5,-0.0464126064675305,-0.00142808019900094
"11706","Clowney, Jadeveon","DE",59,-0.0273511625939715,-0.000463579027016466
"11711","Ford, Dee","DE",23,-0.0430261878326057,-0.00187070381880894
"11720","Barr, Anthony","LB",63,0.0178972561448338,0.000284083430870378
"11721","Mack, Khalil","LB",61,0.0352503363899705,0.000577874367048698
"11723","Van Noy, Kyle","LB",125,0.262044542580859,0.00209635634064687
"11724","Jones, Christian","LB",26,-0.418858536375255,-0.0161099437067406
"11725","Attaochu, Jeremiah","LB",3,-0.12071302354762,-0.0402376745158734
"11728","Mosley, C.J.","LB",172,0.474307246654262,0.00275760027124571
"11747","White, James","RB",31.2,0.0617937692173207,0.00198056952619618
"11757","Donald, Aaron","DT",117,0.340647651046307,0.00291151838501117
"11760","Garoppolo, Jimmy","QB",178.64,0.0700727378697001,0.000392256705495411
"11761","McKinnon, Jerick","RB",21.9,-0.24828735142058,-0.0113373219826749
"11769","Lawrence, Demarcus","DE",19,0.0532882835462107,0.00280464650243214
"11772","Kirksey, Christian","LB",124,0.220544839417842,0.00177858741466002
"11783","Brown, John","WR",0,-0.111995784136627,-Inf
"11785","Rodgers, Richard","TE",0,-0.0801545603034919,-Inf
"11789","Ellis, Justin","DT",21,-0.353742635013002,-0.0168448873815715
"11790","Marsh, Cassius","LB",14,-0.0609848418742116,-0.00435606013387226
"11793","Jones, DaQuan","DT",31,-0.281662137710402,-0.00908587541001297
"11795","Hitchens, Anthony","LB",82,0.0381478272816898,0.000465217405874265
"11805","Pierre-Louis, Kevin","LB",6,-0.127948550388104,-0.0213247583980173
"11807","Urban, Brent","DT",5,-0.108116851029748,-0.0216233702059496
"11816","Williamson, Avery","LB",0,-0.0981697223408595,-Inf
"11830","Kennard, Devon","LB",35,-0.226236259920871,-0.00646389314059631
"11859","Stephen, Shamar","DE",34,-0.26129945616631,-0.00768527812253854
"11872","Harris, Shelby","DE",68,0.0202364497096106,0.000297594848670744
"11886","Williams, Damien","RB",43.3,-0.00499881480052622,-0.000115446069296218
"11890","Wilson, Albert","WR",46.06,-0.250778850096146,-0.00544461246409348
"11925","Hurns, Allen","WR",0,-0.0861506031820207,-Inf
"11936","Boswell, Chris","PK",113.9,0.255829552198987,0.00224608913256354
"11938","Thielen, Adam","WR",192.8,0.78350702362512,0.0040638331100888
"11945","Santos, Cairo","PK",69.7,-0.0639167030382319,-0.00091702586855426
"11947","McManus, Brandon","PK",86.9,0.0599603359521943,0.000689992358483248
"11951","Snead, Willie","WR",7.8,-0.16151038995466,-0.0207064602505975
"11966","Parkey, Cody","PK",1,-0.0738603156338584,-0.0738603156338584
"11970","Pennel, Mike","DT",11,-0.0701119603068214,-0.0063738145733474
"11993","Kerr, Zach","DT",8,-0.116028512180834,-0.0145035640226042
"12040","Smith, Keith","RB",17.18,-0.416807635981087,-0.024261212804487
"12075","Barrett, Shaq","LB",130,0.302076205613345,0.00232366312010266
"12083","Autry, Denico","DE",63,-0.0500993732617196,-0.000795228147011423
"12110","Brate, Cameron","TE",50.4,-0.129715898025309,-0.0025737281354228
"12126","Purcell, Mike","DT",33,-0.0747164833612359,-0.00226413585943139
"12140","Winston, Jameis","QB",121.4,0.0571402054168066,0.000470677145113729
"12141","Mariota, Marcus","QB",10.5,-0.266648530551694,-0.0253950981477804
"12151","Gordon, Melvin","RB",139.1,0.347497340292409,0.0024981836110166
"12152","Coleman, Tevin","RB",45.61,-0.023492548807333,-0.000515074518906665
"12155","Abdullah, Ameer","RB",47.13,-0.214401087383312,-0.00454914252882053
"12157","Johnson, Duke","RB",1.8,-0.0599767112304832,-0.0333203951280462
"12164","Davis, Mike","RB",104.5,0.187047136332832,0.00178992474959648
"12171","Johnson, David","RB",72,0.000947811608448035,1.31640501173338e-05
"12173","Brown, Malcom","DT",65,-0.0363091183148212,-0.000558601820228018
"12175","Cooper, Amari","WR",138.4,0.288441544694692,0.00208411520733159
"12176","Parker, DeVante","WR",74.9,0.118374773786152,0.00158043756723834
"12177","White, Kevin","WR",4.8,-0.107578464273485,-0.022412180056976
"12181","Agholor, Nelson","WR",92.7,0.045188890014221,0.000487474541685232
"12182","Smith, Devin","WR",0,-0.0861506031820207,-Inf
"12184","Crowder, Jamison","WR",94.2,0.121831598534,0.0012933290714862
"12186","Diggs, Stefon","WR",202.8,0.85426125508568,0.00421233360495897
"12187","Lockett, Tyler","WR",169.25,0.613130390832558,0.00362263155587922
"12188","Dorsett, Phillip","WR",1.3,-0.0850016588365419,-0.0653858914127245
"12197","Perriman, Breshad","WR",5.1,-0.0777237609123649,-0.0152399531200715
"12206","Williams, Maxx","TE",41.3,0.0498980085421437,0.00120818422620203
"12211","James, Jesse","TE",17.8,-0.228985352838798,-0.012864345665101
"12212","Kroft, Tyler","TE",26.4,-0.0279476333472113,-0.00105862247527315
"12213","Bell, Blake","TE",9.6,-0.272918263047706,-0.028428985734136
"12215","Gregory, Randy","DE",47,0.0220469276141371,0.000469083566258235
"12217","Fowler, Dante","DE",61,0.0329700552022505,0.000540492708233615
"12218","Armstead, Arik","DE",61,-0.0652241647504184,-0.00106924860246587
"12219","Edwards, Mario","DE",17,-0.106728846002508,-0.00627816741191226
"12221","Hunter, Danielle","DE",85,0.154744814672319,0.00182052723143905
"12222","Flowers, Trey","DE",51,0.0361760994083031,0.000709335282515748
"12225","Williams, Leonard","DE",116,0.333626113839758,0.00287608718827377
"12226","Shelton, Danny","DT",32,-0.113857696998577,-0.00355805303120552
"12227","Davis, Carl","DT",30,-0.611168909014379,-0.020372296967146
"12229","Phillips, Jordan","DE",34,-0.0242704577047688,-0.000713836991316728
"12231","Thompson, Shaq","LB",140,0.282654069359612,0.00201895763828294
"12233","Alexander, Kwon","LB",72,0.0485157589961913,0.000673829986058213
"12234","Dupree, Bud","LB",22,-0.097365576387257,-0.00442570801760259
"12238","Perryman, Denzel","LB",230,1.01930106725475,0.00443174377067281
"12239","Kendricks, Eric","LB",207,0.856509033022532,0.0041377247972103
"12241","Johnson, Alexander","LB",69,0.0895249285748436,0.00129746273296875
"12257","Conley, Chris","WR",42.3,-0.27441864975906,-0.00648743852858297
"12261","Montgomery, Ty","RB",30.19,-0.143376017186325,-0.00474912279517473
"12263","Waller, Darren","TE",129.3,0.310322529290674,0.00240001956141279
"12270","Smith, Preston","LB",66,-0.0654393778554407,-0.000991505725082435
"12271","Goldman, Eddie","DT",28,-0.0940130465034841,-0.00335760880369586
"12272","McKinney, Benardrick","LB",30,-0.0487018556083063,-0.00162339518694354
"12278","Golden, Markus","LB",117,0.210799106240898,0.00180170176274271
"12280","Clark, Frank","DE",39,-0.0838179107520567,-0.00214917719877068
"12287","Hicks, Jordan","LB",194,0.756680071099534,0.00390041273762646
"12288","Anderson, Henry","DE",6,-0.0751429970340665,-0.0125238328390111
"12292","Blackson, Angelo","DE",55,-0.10838319101789,-0.00197060347305255
"12301","Smith, Za'Darius","LB",2,-0.0854074409963284,-0.0427037204981642
"12302","Wilson, Damien","LB",129,0.291093975884784,0.00225654244871925
"12305","Jarrett, Grady","DT",73,0.0220056419238661,0.000301447149642002
"12309","Pruitt, MyCole","TE",45.9,-0.159308789789852,-0.00347077973398369
"12316","Davison, Tyeler","DT",37,-0.142911949508832,-0.00386248512186033
"12317","Uzomah, C.J.","TE",98.1,0.209000589266463,0.00213048510974988
"12325","Burton, Michael","RB",3.57,-0.336159188567011,-0.0941622376938407
"12326","Mayo, David","LB",8,-0.537436666094371,-0.0671795832617964
"12328","Boyle, Nick","TE",0,-0.0801545603034919,-Inf
"12330","O'Shaughnessy, James","TE",25.4,0.0108302336171251,0.000426387150280516
"12343","Philon, Darius","DE",32,-0.0311076164613393,-0.000972113014416853
"12356","Ringo, Christian","DE",30,-0.122699358685108,-0.00408997862283694
"12360","Covington, Christian","DT",66,0.00977359382888654,0.000148084754983129
"12361","Nunez-Roches, Rakeem","DT",13,-0.411075781031237,-0.0316212139254798
"12378","Swaim, Geoff","TE",45.9,-0.0857209142383164,-0.00186755804440776
"12381","Siemian, Trevor","QB",83.42,0.032220563600009,0.000386245068329046
"12386","Brown, Malcolm","RB",22.5,-0.0781546421376049,-0.00347353965056022
"12391","Williams, Tyrell","WR",3.4,-0.0452419858538571,-0.013306466427605
"12394","Carter, DeAndre","WR",100.02,0.125199502506278,0.00125174467612755
"12417","Lambo, Josh","PK",2,-0.092248751630807,-0.0461243758154035
"12437","Myers, Jason","PK",57.9,-0.150130503274087,-0.00259292751768717
"12443","Kumerow, Jake","WR",0,-0.279989460341567,-Inf
"12447","Mostert, Raheem","RB",2,-0.0575525604456226,-0.0287762802228113
"12464","Byrd, Damiere","WR",23,-0.407207667637077,-0.017704681201612
"12476","Heinicke, Taylor","QB",208.06,0.200225647454551,0.00096234570534726
"12481","Hewitt, Neville","LB",35,-0.355098464143404,-0.0101456704040972
"12489","Copeland, Brandon","LB",38,-0.211688962735364,-0.00557076217724642
"12494","Dzubnar, Nick","LB",4,-0.563605841988966,-0.140901460497242
"12505","Humphries, Adam","WR",59.7,-0.160972834938112,-0.00269636239427323
"12525","Thomas, Joe","LB",18,-0.0882186949887185,-0.00490103861048436
"12542","King, Brandon","LB",0,-0.589018334045156,-Inf
"12585","Brown, Daniel","TE",0,-0.160309120606983,-Inf
"12596","LaCosse, Matt","TE",0,-0.0739888248955305,-Inf
"12608","Winchester, James","TE",0,-0.480927361820947,-Inf
"12610","Wentz, Carson","QB",221.62,0.356428957905057,0.00160828877314799
"12611","Goff, Jared","QB",157.74,-0.0349952017367343,-0.000221853694286385
"12616","Brissett, Jacoby","QB",79.12,-0.138514574826854,-0.00175068977283689
"12620","Prescott, Dak","QB",225.9,0.320998454091582,0.00142097589239301
"12621","Allen, Brandon","QB",4.12,-0.223981069036042,-0.0543643371446704
"12625","Elliott, Ezekiel","RB",196.66,0.845491468874547,0.00429925490122316
"12626","Henry, Derrick","RB",193.3,0.481984254035856,0.00249345190913531
"12628","Collins, Alex","RB",67.1,0.00966103159439502,0.000143979606473845
"12629","Booker, Devontae","RB",101.7,0.157900752098008,0.00155261309830883
"12630","Drake, Kenyan","RB",108.26,0.215340691655259,0.00198910670289358
"12634","Howard, Jordan","RB",45.4,0.0819944245706852,0.00180604459406796
"12636","Smallwood, Wendell","RB",4.5,-0.0266449450160158,-0.00592109889244795
"12637","Barber, Peyton","RB",29.37,-0.00891820183854453,-0.000303650045575231
"12645","Treadwell, Laquon","WR",24.4,-0.0795476497484868,-0.00326014957985602
"12647","Fuller, Will","WR",8.6,-0.0362471667970006,-0.00421478683686053
"12650","Boyd, Tyler","WR",121.84,0.279621116047865,0.00229498617898773
"12656","Higgins, Rashard","WR",39.5,-0.180362425858523,-0.00456613736350692
"12657","Sharpe, Tajae","WR",46.3,-0.2524147837835,-0.00545172319186826
"12658","Shepard, Sterling","WR",69.5,0.133729193159056,0.00192416105264828
"12660","Cooper, Pharoh","WR",10.86,-0.0693515911296068,-0.00638596603403377
"12665","Allison, Geronimo","WR",0,-0.101814349215116,-Inf
"12675","Thomas, Mike","WR",10.2,-0.153719770729078,-0.0150705657577527
"12676","Henry, Hunter","TE",116.4,0.560527013878902,0.00481552417421737
"12677","Hooper, Austin","TE",68.1,-0.00231281488222557,-3.39620393865722e-05
"12678","Higbee, Tyler","TE",101.5,0.23718285603561,0.00233677690675478
"12680","Vannett, Nick","TE",18.9,0.00889487327153748,0.000470628215425264
"12686","Bosa, Joey","DE",106,0.261252603837952,0.00246464720601841
"12687","Lawson, Shaq","DE",46,-0.173290415878187,-0.00376718295387362
"12688","Buckner, DeForest","DT",108,0.430990569414704,0.00399065342050652
"12691","Ogbah, Emmanuel","DE",92,0.215606081085048,0.00234354435962009
"12696","Nkemdiche, Robert","DT",20,-0.0543188552582299,-0.00271594276291149
"12697","Robinson, A'Shawn","DT",74,0.0298966601138284,0.000404008920457141
"12698","Reed, Jarran","DT",53,-0.122150274554014,-0.00230472216139649
"12699","Billings, Andrew","DT",1,-0.122290264737117,-0.122290264737117
"12700","Johnson, Austin","DT",90,0.145128048168006,0.0016125338685334
"12701","Smith, Jaylon","LB",33,-0.0361611473035639,-0.00109579234253224
"12702","Jack, Myles","LB",127,0.238286216788247,0.00187626942352951
"12703","Ragland, Reggie","LB",101,0.0934253413756441,0.000925003379956872
"12707","Jenkins, Jordan","DE",30,-0.0602275414451521,-0.0020075847148384
"12733","March, Justin","LB",0,-0.0906182052377167,-Inf
"12734","Floyd, Leonard","LB",109,0.149597881676803,0.00137245763006241
"12735","Rankins, Sheldon","DT",40,-0.127285387110924,-0.00318213467777311
"12736","Neal, Keanu","LB",86,0.0549814291361823,0.00063931894344398
"12739","Clark, Kenny","DT",79,0.06592106393179,0.000834443847237848
"12740","Butler, Vernon","DT",14,-0.0946322049156052,-0.00675944320825751
"12741","Jones, Chris","DT",73,0.0557099259333711,0.000763149670320152
"12744","Ward, Jihad","DE",27,-0.311058092635369,-0.0115206700976063
"12745","Jones, Deion","LB",180,0.515358035216736,0.00286310019564853
"12751","Gotsis, Adam","DT",37,-0.142383987745496,-0.0038482158850134
"12753","Nassib, Carl","DE",42,-0.116010523168796,-0.00276215531354275
"12754","Collins, Maliek","DT",56,-0.10128864531662,-0.00180872580922536
"12756","Ngakoue, Yannick","DE",82,0.0876607183615379,0.00106903315075046
"12758","Bullard, Jonathan","DE",27,-0.0712758904534327,-0.00263984779457158
"12762","Vigil, Nick","LB",121,0.244004353085493,0.002016564901533
"12763","Fackrell, Kyler","LB",43,-0.305975022173476,-0.00711569819008085
"12764","Hargrave, Javon","DT",108,0.426487794203057,0.00394896105743571
"12768","Schobert, Joe","LB",151,0.450943110377483,0.00298637821442042
"12771","Day, Sheldon","DT",12,-0.0289821837585222,-0.00241518197987685
"12773","Moore, Chris","WR",34.9,-0.0963657049999274,-0.00276119498567127
"12778","Kwiatkoski, Nick","LB",27.3,-0.106405102485026,-0.00389762280164932
"12779","Campbell, De'Vondre","LB",195,0.760293269948521,0.00389893984588985
"12780","Ridgeway, Hassan","DT",32,-0.584014203646544,-0.0182504438639545
"12782","Onyemata, David","DT",34,-0.00345352982327007,-0.000101574406566767
"12785","Robinson, Demarcus","WR",49.7,-0.225135284084397,-0.00452988499163776
"12788","Martinez, Blake","LB",34,0.0636995524340787,0.00187351624806114
"12791","Lowry, Dean","DE",69,-0.00680555493815849,-9.86312309878042e-05
"12794","Blair, Ronald","DE",28,0.0201836337537946,0.000720844062635522
"12795","Judon, Matt","LB",133,0.49782375970119,0.00374303578722699
"12796","Jefferson, Quinton","DT",65,-0.0359895703652047,-0.000553685697926226
"12797","Ioannidis, Matt","DT",39,-0.132419253506165,-0.00339536547451705
"12801","Hill, Tyreek","WR",237.8,1.06320401775927,0.00447100091572443
"12802","Reader, D.J.","DT",53,-0.123423447126093,-0.00232874428539799
"12806","Janovich, Andy","RB",8,-0.149990827298562,-0.0187488534123202
"12807","Hemingway, Temarrick","TE",0,-0.0739888248955305,-Inf
"12814","Grant, Jakeem","WR",47.29,-0.241879464457152,-0.00511481210524745
"12823","Watt, Derek","RB",4.5,-0.500361746505073,-0.111191499223349
"12828","Grugier-Hill, Kamu","LB",167,0.445911823449916,0.00267013067934081
"12831","Roberts, Elandon","LB",119,0.309725924872078,0.00260273886447124
"12841","Weatherly, Stephen","DE",30,-0.178924668543924,-0.00596415561813079
"12845","Washington, Dwayne","RB",6.48,-0.23958915102583,-0.0369736344175663
"12851","Matakevich, Tyler","LB",14,-0.494432363119993,-0.0353165973657138
"12854","Walker, Joe","LB",3,-0.158942028486195,-0.0529806761620651
"12859","Anderson, Stephen","TE",27,-0.291432709072261,-0.0107938040397134
"12860","Fairbairn, Ka'imi","PK",33.2,-0.0989278629263728,-0.00297975490742087
"12888","Zimmer, Justin","DT",14,-0.0757316640609584,-0.00540940457578275
"12898","Travis, Ross","TE",0,-0.0874413385128996,-Inf
"12912","Richard, Jalen","RB",18.31,-0.0717556539606292,-0.00391893249375364
"12913","Erickson, Alex","WR",18.51,-0.439927100196515,-0.0237669962288771
"12923","Ham, C.J.","RB",25.5,-0.362798653639086,-0.0142273981819249
"12930","Anderson, Robby","WR",76.1,-0.0449470195332058,-0.000590631005692586
"12934","Rogers, Chester","WR",63.55,-0.0612262565715493,-0.000963434407105418
"12948","Okwara, Romeo","DE",13,-0.0444582060846548,-0.00341986200651191
"12952","Pierce, Michael","DT",26,-0.0124579962190241,-0.000479153700731696
"12955","Manhertz, Chris","TE",17,-0.362643616947576,-0.0213319774675045
"12964","Scarlett, Brennan","LB",22,-0.288736358924315,-0.0131243799511052
"12979","Williams, DeShawn","DT",53,-0.123067700251051,-0.0023220320802085
"12985","Littleton, Cory","LB",153,0.463001940143703,0.00302615647152747
"12987","Hyder, Kerry","DE",54,-0.115911126438712,-0.00214650234145762
"13026","Onwuasor, Patrick","LB",0,-0.117803666809031,-Inf
"13065","Tomlinson, Eric","TE",1.7,-0.469332233783353,-0.276077784578443
"13066","Raymond, Kalif","WR",99.05,0.120210936439317,0.00121363893426873
"13085","Fox, Morgan","DE",48,-0.159332128445698,-0.0033194193426187
"13100","Woods, Antwaun","DT",7,-0.119431369539864,-0.0170616242199806
"13108","McKissic, J.D.","RB",127.9,0.293971257376808,0.00229844610927919
"13115","Trubisky, Mitchell","QB",8.82,-0.236335697288511,-0.0267954305315772
"13116","Mahomes, Patrick","QB",257.36,0.549971236855435,0.00213697247767887
"13120","Webb, Davis","QB",-0.3,-0.186948278961104,0.623160929870347
"13124","Rush, Cooper","QB",19.28,-0.122657573031579,-0.00636190731491592
"13125","Beathard, C.J.","QB",1.52,-0.190165989762333,-0.125109203791008
"13127","Peterman, Nathan","QB",0.2,-0.181618205667191,-0.908091028335956
"13128","Cook, Dalvin","RB",148.5,0.342788154138344,0.00230833773830535
"13129","Fournette, Leonard","RB",218.7,0.976244588195026,0.00446385271236866
"13130","McCaffrey, Christian","RB",127.5,0.286378493137012,0.00224610582852559
"13131","Mixon, Joe","RB",226,1.04848816888229,0.00463932818089508
"13132","Kamara, Alvin","RB",159.45,0.379684290595733,0.00238121223327522
"13133","Perine, Samaje","RB",64.6,-0.0335036799020978,-0.000518632815821947
"13134","Foreman, D'Onta","RB",28.9,0.0115476456638444,0.000399572514319874
"13135","Gallman, Wayne","RB",13.5,-0.131417588830929,-0.00973463620969843
"13136","Clement, Corey","RB",3.5,-0.506454200975544,-0.144701200278727
"13138","Hunt, Kareem","RB",106.2,0.211828625336973,0.00199461982426528
"13139","Williams, Jamaal","RB",92.5,0.116811892616036,0.00126283127152471
"13143","McNichols, Jeremy","RB",60.33,-0.0196536133511191,-0.000325768495791798
"13144","McGuire, Elijah","RB",0,-0.0814413330607913,-Inf
"13146","Conner, James","RB",187.9,0.76844936905175,0.00408967200133981
"13148","Ogunbowale, Dare","RB",7.5,-0.480659950145028,-0.0640879933526704
"13153","Davis, Corey","WR",106.2,0.167470771772431,0.00157693758731102
"13154","Williams, Mike","WR",184.4,0.714376733431195,0.00387406037652492
"13155","Ross, John","WR",39.66,-0.0803581627844077,-0.00202617657045909
"13156","Smith-Schuster, JuJu","WR",34.8,0.00209564623969882,6.02197195315754e-05
"13157","Samuel, Curtis","WR",9.8,-0.0734591792916106,-0.00749583462159292
"13158","Westbrook, Dede","WR",23,-0.264387477285168,-0.0114951077080508
"13162","Ford, Isaiah","WR",31,-0.112377799125004,-0.00362509029435496
"13163","Godwin, Chris","WR",213,0.926517989478142,0.00434984971585982
"13164","Kupp, Cooper","WR",305.1,1.56328187808341,0.00512383440866409
"13168","Reynolds, Josh","WR",45.9,-0.0294139918510279,-0.000640827709172721
"13172","Brown, Noah","WR",34.4,-0.20632387097673,-0.00599778694699797
"13176","Jones, Zay","WR",49.1,-0.231171249901667,-0.00470817209575697
"13188","Howard, O.J.","TE",33.5,-0.245815897258757,-0.00733778797787333
"13189","Engram, Evan","TE",79.1,0.0943178625575252,0.00119238764295228
"13192","Njoku, David","TE",85.8,0.121384360457139,0.00141473613586409
"13193","Smith, Jonnu","TE",61.9,-0.0474587438774199,-0.000766700224190951
"13194","Sprinkle, Jeremy","TE",0,-0.480927361820947,-Inf
"13198","Garrett, Myles","DE",129,0.414751768594969,0.00321512998910829
"13199","Thomas, Solomon","DT",65,-0.035868872549214,-0.000551828808449446
"13200","Charlton, Taco","DE",18,-0.061548144565724,-0.00341934136476244
"13201","Barnett, Derek","DE",60,-0.212548041776056,-0.00354246736293427
"13202","Lawson, Carl","DE",0,-0.10065514170733,-Inf
"13203","Rochell, Isaac","DE",18,-0.103770201103481,-0.00576501117241563
"13204","Harris, Charles","DE",95,0.181711718447651,0.0019127549310279
"13205","McKinley, Takkarist","DE",30,-0.0870171537568272,-0.00290057179189424
"13207","Willis, Jordan","DE",13,-0.0619945772048363,-0.00476881363114125
"13208","Allen, Jonathan","DT",83,0.0931991940609196,0.00112288185615566
"13210","McDowell, Malik","DT",56,-0.101954606644523,-0.00182061797579506
"13211","Watkins, Carlos","DT",51,-0.0319240272797785,-0.000625961319211343
"13212","Wormley, Chris","DE",85,0.108568424889587,0.00127727558693631
"13214","Watt, T.J.","LB",172,0.423365650681155,0.00246142820163462
"13216","Cunningham, Zach","LB",108,0.149203595495329,0.00138151477310489
"13220","Riley, Duke","LB",26,-0.862497731373987,-0.0331729896682303
"13221","Davis, Jarrad","LB",20,-0.0821419330747357,-0.00410709665373679
"13234","Mack, Marlon","RB",12.9,-0.0898795419465603,-0.00696740635244654
"13236","Everett, Gerald","TE",72.6,0.0673617436596077,0.000927847708810023
"13239","Penny, Elijhaa","RB",19.8,-0.398007706899622,-0.0201013993383648
"13241","Rosas, Aldrick","PK",21.7,-0.0426723547696355,-0.00196646796173435
"13245","Reddick, Haason","DE",139,0.497157697032128,0.00357667407936782
"13246","Alie-Cox, Mo","TE",62.9,-0.142644447205276,-0.00226779725286608
"13254","Shaheen, Adam","TE",23,-0.10733520843675,-0.00466674819290216
"13256","Bowser, Tyus","LB",90,0.0231999350142029,0.000257777055713366
"13258","Walker, DeMarcus","DE",45,-0.0578409847162105,-0.00128535521591579
"13260","Tomlinson, Dalvin","DT",46,-0.0957915870389812,-0.00208242580519524
"13262","Kpassagnon, Tanoh","DE",55,0.0304527007311659,0.00055368546783938
"13265","Ogunjobi, Larry","DT",77,0.0504774861917463,0.000655551768723978
"13267","Smoot, Dawuane","DE",62,-0.055957031161828,-0.000902532760674646
"13268","Anzalone, Alex","LB",149,0.432979612938778,0.00290590344254214
"13269","Basham, Tarell","DE",54,-0.115813402124934,-0.00214469263194321
"13271","Rivers, Derek","DE",9,-0.0449120396556735,-0.00499022662840816
"13275","Adams, Montravius","DE",15,-0.0722422477749838,-0.00481614985166559
"13277","Golladay, Kenny","WR",66.9,0.0186248333230568,0.000278398106473195
"13284","Hendrickson, Trey","DE",100,0.218418404521111,0.00218418404521111
"13285","Biegel, Vince","LB",1,-0.102494165931243,-0.102494165931243
"13286","Johnson, Jaleel","DT",30,-0.122712810249745,-0.00409042700832482
"13289","Hollins, Mack","WR",55.3,-0.423088159019115,-0.00765078045242523
"13290","Cohen, Tarik","RB",0,-0.0814413330607913,-Inf
"13293","Reeves-Maybin, Jalen","LB",82,0.0102808895492261,0.000125376701819831
"13294","Ebukam, Samson","LB",39,-0.334704215700889,-0.00858215937694588
"13296","Wise, Deatrich","DE",76,0.00306647992315234,4.03484200414782e-05
"13298","Stewart, Grover","DT",66,-0.129884535132668,-0.00196794750201012
"13299","Kittle, George","TE",135,0.308892226511673,0.00228809056675313
"13303","Elliott, Jake","PK",113.9,0.381243196855886,0.00334717468705782
"13304","Brown, Jayon","LB",80,0.102289713088905,0.00127862141361131
"13306","Walker, Anthony","LB",150,0.319413655492519,0.00212942436995013
"13307","Milano, Matt","LB",117,0.189476668480469,0.00161945870496127
"13308","Agnew, Jamal","WR",101.45,0.138912648798012,0.00136927204335152
"13310","Lee, Marquel","LB",0,-0.168290952584331,-Inf
"13312","Adams, Rodney","WR",0,-0.0861506031820207,-Inf
"13313","McKenzie, Isaiah","WR",39.14,-0.124213796823692,-0.00317357682227112
"13315","Saubert, Eric","TE",18.7,-0.351344892441461,-0.0187884969220033
"13317","Godchaux, Davon","DT",80,0.0557268570428349,0.000696585713035436
"13319","Jones, Aaron","RB",164.5,0.469323294280529,0.00285302914456249
"13326","Armah, Alexander","RB",10.04,-0.224770578375274,-0.0223875078063022
"13327","Evans, Jordan","LB",6,-0.128057873599516,-0.0213429789332527
"13328","Taylor, Vincent","DT",3,-0.0380290698901939,-0.0126763566300646
"13329","Vallejo, Tanner","LB",20,-0.165772328722261,-0.00828861643611307
"13330","Muhammad, Al-Quadin","DE",86,0.137592801936742,0.00159991630159002
"13332","Jones, D.J.","DT",84,0.101843423638415,0.00121242170998113
"13336","Ledbetter, Jeremiah","DE",0,-0.0774270320825625,-Inf
"13343","Odenigbo, Ifeadi","LB",7,-0.106872741162677,-0.015267534451811
"13347","Gonzalez, Zane","PK",97.1,0.130909579108677,0.00134819339967742
"13348","Moore, David","WR",0,-0.0933298201138557,-Inf
"13353","Lee, Elijah","LB",15,-0.492091342986584,-0.032806089532439
"13354","Butker, Harrison","PK",103.2,0.17858584166247,0.00173048296184564
"13364","Carson, Chris","RB",49.1,0.0984700722575784,0.00200550045331117
"13365","O'Connor, Pat","DE",1,-0.330384539174186,-0.330384539174186
"13366","Schreck, Mason","TE",0,-0.0739888248955305,-Inf
"13369","Carter, Cethan","TE",3.6,-0.916495919967129,-0.254582199990869
"13377","Patrick, Tim","WR",119.8,0.2633585273993,0.00219831825875877
"13378","Breida, Matt","RB",43.21,0.0170012795608994,0.000393457059960643
"13382","Seals-Jones, Ricky","TE",58,0.0262177969945059,0.000452030982663895
"13387","Johnson, Marcus","WR",30.17,-0.0592639984017191,-0.00196433537957306
"13388","Langi, Harvey","LB",1,-0.165192941797803,-0.165192941797803
"13391","Hollister, Jacob","TE",12.1,-0.0457151158511175,-0.00377810874802624
"13392","Adams, Tyrell","LB",0,-0.130892963121146,-Inf
"13396","Daniels, Darrell","TE",1,-0.23638912080463,-0.23638912080463
"13403","Koo, Younghoe","PK",76.3,-0.0163267735420911,-0.000213981304614562
"13404","Ekeler, Austin","RB",263.1,1.29675442076488,0.00492875112415385
"13412","Cole, Keelan","WR",50.88,-0.0749245086513479,-0.00147257289016014
"13416","Walker, P.J.","QB",12.28,-0.225368277425921,-0.01835246558843
"13418","Bourne, Kendrick","WR",146.4,0.750366201578644,0.00512545219657544
"13423","Cole, Dylan","LB",13,-0.0669396256238119,-0.00514920197106246
"13424","Hill, Taysom","QB",63.5,-0.18859540974847,-0.00297000645273181
"13427","Tonyan, Robert","TE",50.4,0.0176903470487559,0.000350998949380078
"13434","Robertson-Harris, Roy","DT",42,-0.0404417303711613,-0.000962898342170507
"13444","Munson, Calvin","LB",4,-0.134279318775405,-0.0335698296938511
"13445","Auclair, Antony","TE",12.4,-0.3941582365155,-0.0317869545577016
"13446","Nickerson, Hardy","LB",2,-0.0978125833940062,-0.0489062916970031
"13447","Wilson, Eric","LB",67,-0.0191227584602123,-0.000285414305376303
"13448","Butler, Adam","DT",39,-0.490000991530033,-0.0125641279879496
"13455","Ricard, Patrick","RB",20.7,-0.389881777734524,-0.0188348684895905
"13460","Ankou, Eli","DT",7,-0.0553312557321251,-0.00790446510458929
"13488","Pascal, Zach","WR",89.12,0.000357740305884313,4.01414167284911e-06
"13502","Hamilton, Justin","DT",16,-0.110715700877314,-0.00691973130483214
"13503","Kemp, Marcus","WR",6.4,-0.343278303713624,-0.0536372349552537
"13510","Mickens, Jaydon","WR",13.96,-0.141254864951181,-0.0101185433346118
"13512","Cox, Bryan","DE",0,-0.0774270320825625,-Inf
"13529","Natson, JoJo","WR",2.58,-0.0767272792037312,-0.0297392555053222
"13537","Bower, Tashawn","LB",10,-0.0784959648363071,-0.00784959648363071
"13543","Jones, Joseph","LB",0,-0.168290952584331,-Inf
"13546","Griffin, Garrett","TE",7.9,-0.426084573135348,-0.053934756093082
"13585","Zylstra, Brandon","WR",36.8,-0.0918559295234589,-0.00249608504139834
"13589","Allen, Josh","QB",283.84,0.735737789357754,0.00259208634920291
"13590","Mayfield, Baker","QB",151.92,-0.0680063272353983,-0.000447645650575292
"13591","Rosen, Josh","QB",-1.24,-0.243152347534045,0.196090602850037
"13592","Darnold, Sam","QB",144.94,0.040880996472298,0.000282054618961626
"13593","Jackson, Lamar","QB",254.8,0.456501350603332,0.00179160655652799
"13595","Rudolph, Mason","QB",16.28,0.0160777221164716,0.000987575068579338
"13598","White, Mike","QB",52.02,-0.0323914113620569,-0.00062267226762893
"13604","Barkley, Saquon","RB",98.8,0.153460294068035,0.00155324184279387
"13606","Jones, Ronald","RB",51.5,-0.184771539381908,-0.00358779688120209
"13607","Michel, Sony","RB",83.3,0.0403705320400336,0.000484640240576634
"13608","Penny, Rashaad","RB",11.5,-0.0770942742304479,-0.00670384993308243
"13610","Chubb, Nick","RB",150.3,0.347649562984563,0.00231303767787467
"13611","Adams, Josh","RB",0,-0.0814413330607913,-Inf
"13612","Johnson, Kerryon","RB",0,-0.0814413330607913,-Inf
"13613","Samuels, Jaylen","RB",0.2,-0.0790887218881586,-0.395443609440793
"13614","Lindsay, Phillip","RB",35.9,-0.178133798472977,-0.00496194424715812
"13617","Freeman, Royce","RB",15.3,-0.204961226197479,-0.0133961585749987
"13619","Kelly, John","RB",1.3,-0.0901673136382124,-0.0693594720293941
"13620","Jackson, Justin","RB",24.8,-0.124152437905314,-0.00500614668973041
"13621","Ballage, Kalen","RB",6.4,-0.487720694422221,-0.076206358503472
"13622","Hines, Nyheim","RB",103.47,0.250715620372401,0.00242307548441482
"13623","Williams, Darrel","RB",137,0.41768986955033,0.00304883116460095
"13629","Ridley, Calvin","WR",71.1,0.138651172823339,0.00195008681889366
"13630","Sutton, Courtland","WR",125.9,0.308655493606006,0.00245159248297066
"13631","Washington, James","WR",42.7,-0.165936450602493,-0.00388609954572584
"13632","Lazard, Allen","WR",59.3,-0.0390238665222977,-0.000658075320780737
"13633","Kirk, Christian","WR",139.62,0.407028143316758,0.00291525672050392
"13634","Pettis, Dante","WR",25.34,0.025366018326813,0.00100102676901393
"13635","Moore, D.J.","WR",178.74,0.679174514261735,0.00379979027784343
"13637","St. Brown, Equanimeous","WR",14.6,-0.172751240107614,-0.0118322767196996
"13638","Berrios, Braxton","WR",80.3,-0.0167888523815849,-0.000209076617454357
"13639","Miller, Anthony","WR",14.5,-0.0301937218943307,-0.00208232564788487
"13641","McCloud, Ray-Ray","WR",63.12,-0.0640303662429247,-0.00101442278585115
"13642","Tate, Auden","WR",12.9,-0.118168212664235,-0.00916032656311902
"13645","Smith, Tre'Quan","WR",59.1,0.0371616756651045,0.000628793158462006
"13646","Gallup, Michael","WR",54.4,0.0745241948013717,0.0013699300514958
"13647","Ateman, Marcell","WR",0,-0.0861506031820207,-Inf
"13652","Wilson, Cedrick","WR",95.18,0.100021456063394,0.00105086631711908
"13662","Coutee, Keke","WR",1.5,-0.0683798590502516,-0.0455865727001677
"13666","Fountain, Daurice","WR",0,-0.0861506031820207,-Inf
"13668","Chark, D.J.","WR",34.4,0.0310425717915583,0.000902400342777859
"13669","Turner, Malik","WR",26.1,-0.127855722086393,-0.00489868666997673
"13671","Andrews, Mark","TE",179.1,0.768030658077585,0.00428827838122605
"13672","Gesicki, Mike","TE",137.2,0.839846580689222,0.00612133076304097
"13674","Goedert, Dallas","TE",126.6,0.414107994253777,0.0032709952152747
"13675","Conklin, Tyler","TE",111.9,0.311289959459303,0.00278185844020825
"13676","Smythe, Durham","TE",50.6,-0.307971369934368,-0.00608639071016537
"13678","Thomas, Ian","TE",27.6,-0.289671545661369,-0.010495345857296
"13679","Herndon, Chris","TE",11.3,-0.402395365651969,-0.0356102093497317
"13680","Hurst, Hayden","TE",40.8,-0.039675626759359,-0.00097244183233723
"13681","Chubb, Bradley","LB",7,-0.090532527470387,-0.0129332182100553
"13682","Key, Arden","DE",42,-0.202541713422738,-0.00482242174816043
"13683","Hand, Da'Shawn","DT",5,-0.0656763276891601,-0.013135265537832
"13684","Hubbard, Sam","DE",124,0.390545514782262,0.00314956060308276
"13685","Okoronkwo, Ogbonnia","LB",38,-0.102335418085769,-0.00269303731804655
"13686","Lawler, Justin","LB",1,-0.102494165931243,-0.102494165931243
"13687","Lewis, Tyquan","DE",42,-0.0168551667726398,-0.000401313494586661
"13688","Davenport, Marcus","DE",68,0.118285077249732,0.00173948643014312
"13690","Sweat, Josh","DE",69,-0.0898520871723916,-0.00130220416191872
"13691","Hurst, Maurice","DT",4,-0.0555324573413714,-0.0138831143353428
"13692","Vea, Vita","DT",57,-0.0373673898725357,-0.00065556824337782
"13693","Phillips, Harrison","DT",46,-0.0249528618438521,-0.000542453518344612
"13694","Settle, Tim","DT",14,-0.403916508072948,-0.0288511791480677
"13695","Bryan, Taven","DT",29,-0.184454450569547,-0.00636049829550161
"13696","Smith, Roquan","LB",223,0.964012175489182,0.00432292455376315
"13697","Edmunds, Tremaine","LB",121,0.203177936881166,0.00167915650315013
"13699","Evans, Rashaan","LB",70,0.0425584568257431,0.000607977954653473
"13700","Landry, Harold","LB",144,0.398805482067978,0.00276948251436096
"13701","O'Daniel, Dorian","LB",0,-0.589018334045156,-Inf
"13702","Jewell, Josey","LB",18,0.0236975303533615,0.00131652946407564
"13703","Carter, Lorenzo","LB",44,-0.0814547123962024,-0.00185124346355005
"13704","Nwosu, Uchenna","LB",63,-0.164782581585188,-0.00261559653309822
"13706","Baker, Jerome","LB",127,0.280085570559179,0.00220539819337936
"13718","Carlson, Daniel","PK",118.95,0.290475280524106,0.00244199479213204
"13722","Jarwin, Blake","TE",31,-0.0311673374882426,-0.0010053979834917
"13723","Payne, Da'Ron","DT",68,-0.0147605189561055,-0.000217066455236846
"13726","Edmonds, Chase","RB",99.1,0.153916537069863,0.00155314366367167
"13727","Vander Esch, Leighton","LB",87,-0.00267227607185561,-3.07158169178805e-05
"13733","Leonard, Darius","LB",198,1.34798141454155,0.00680798694212905
"13735","Turay, Kemoko","DE",35,-0.100251253211973,-0.00286432152034209
"13742","Hill, B.J.","DT",69,-0.0070961115947421,-0.000102842197025248
"13743","Warner, Fred","LB",159,0.407231457450992,0.0025612041349119
"13744","Shepherd, Nathan","DT",28,-0.303663006231623,-0.0108451073654151
"13745","Nnadi, Derrick","DT",56,-0.101792117106977,-0.00181771637691031
"13746","Green, Rasheem","DE",74,0.0289997218449241,0.000391888133039514
"13748","Jones, Justin","DT",39,-0.00642973245672973,-0.000164864934787942
"13750","Burks, Oren","LB",33,-0.374140669190036,-0.0113375960360617
"13753","Akins, Jordan","TE",37.7,-0.0517678466177705,-0.00137315243017959
"13755","Holmes, Jalyn","DE",16,-0.0319530886500896,-0.0019970680406306
"13758","Iyiegbuniwe, Joel","LB",3,-0.22531078261903,-0.0751035942063435
"13759","Armstrong, Dorance","DE",42,-0.0168161028388889,-0.000400383400925926
"13762","White, Kyzir","LB",183,0.679262557579592,0.00371181725453329
"13763","Dissly, Will","TE",41.2,-0.194434713504105,-0.00471928916272099
"13765","Young, Kenny","LB",130,0.300034790228822,0.00230795992483709
"13769","Street, Kentavius","DE",43,-0.194802323561261,-0.00453028659444792
"13770","Franklin-Myers, John","DE",77,0.050063835890013,0.000650179686883285
"13771","Haynes, Marquis","DE",23,-0.338255658081539,-0.0147067677426756
"13772","Schultz, Dalton","TE",136,0.48428779813295,0.00356093969215404
"13775","Bentley, Ja'Whaun","LB",151,0.448699992449373,0.00297152312880379
"13777","Nichols, Bilal","DT",62,-0.0575894041494003,-0.000928861357248392
"13779","Kiser, Micah","LB",7,-0.124626302213812,-0.017803757459116
"13781","Avery, Genard","LB",56,-0.494217808176575,-0.00882531800315313
"13786","Brown, Andrew","DT",2,-0.0512607298535732,-0.0256303649267866
"13787","Carter, Jermaine","LB",86,-0.0133410331019688,-0.000155128291883358
"13789","Wilkins, Jordan","RB",0.51,-0.103918700899707,-0.203762158626877
"13793","Valdes-Scantling, Marquez","WR",59.9,0.0417307146136761,0.000696673031947847
"13798","Fatukasi, Foley","DT",54,-0.116011574459828,-0.00214836248999682
"13799","Fitts, Kylie","LB",2,-0.140873442839024,-0.0704367214195121
"13802","Martin, Jake","LB",56,-0.216103279403431,-0.00385898713220413
"13809","Gage, Russell","WR",89,0.10614660368064,0.00119265846832179
"13810","Joseph-Day, Sebastian","DT",73,0.113195163688838,0.00155061868066901
"13813","Oluokun, Foyesade","LB",224,0.974128002673217,0.00434878572621972
"13814","Scott, Boston","RB",65.29,-0.229970547899425,-0.00352229358093774
"13816","Cannon, Trenton","RB",9.24,-0.469691523400931,-0.0508324159524817
"13826","Adams, Matthew","LB",0,-1.17803666809031,-Inf
"13832","Sanders, Jason","PK",84.6,-0.00714638151968661,-8.447259479535e-05
"13833","Howard, Travin","LB",1,-0.193176892003804,-0.193176892003804
"13836","Smith, Andre","LB",3,-0.282925547148666,-0.0943085157162222
"13837","Franklin, Zaire","LB",39,-0.708398956125091,-0.0181640757980793
"13838","Bawden, Nick","RB",3,-0.0941345240752112,-0.0313781746917371
"13839","Sieler, Zach","DE",75,-0.011916317007084,-0.000158884226761119
"13846","Woodside, Logan","QB",-0.3,-0.218427967946097,0.728093226486989
"13849","Nall, Ryan","RB",1.8,-0.170673186850501,-0.0948184371391673
"13851","Hollister, Cody","WR",4.2,-0.0353062402618036,-0.00840624768138181
"13857","Yelder, Deon","TE",1,-0.0921109122583461,-0.0921109122583461
"13862","Cracraft, River","WR",0,-0.0861506031820207,-Inf
"13863","Pringle, Byron","WR",91.66,0.0648172274608703,0.000707148455824463
"13864","Ward, Greg","WR",17.69,-0.900046832829394,-0.0508788486619217
"13868","Boone, Mike","RB",7.7,-0.090366999060314,-0.0117359739039369
"13871","Hilliard, Dontrell","RB",38.71,0.101927640375707,0.00263310876713271
"13873","Boyle, Tim","QB",1.08,-0.1720887734221,-0.159341456872315
"13878","Board, C.J.","WR",19.54,-0.0761129905619562,-0.0038952400492301
"13880","Arnold, Dan","TE",77.19,0.0760806491372437,0.000985628308553487
"13882","Kirkwood, Keith","WR",4.7,-0.0623961103029531,-0.0132757681495645
"13888","Gardeck, Dennis","LB",18,-0.173291751515086,-0.00962731952861592
"13893","Sherfield, Trent","WR",20.2,-0.425791184696975,-0.0210787715196522
"13895","Sims, Cam","WR",21.8,-0.146849848279862,-0.00673623157247073
"13898","Joseph, Greg","PK",112.1,0.243083448041133,0.00216845181125008
"13906","Cabinda, Jason","LB",3.7,-0.37554828220719,-0.101499535731673
"13909","Maher, Brett","PK",9.75,-0.0520093916440807,-0.00533429657888007
"13910","Powell, Brandon","WR",2.43,-0.0571383009770621,-0.0235137041057869
"13912","Batson, Cameron","WR",13.4,-0.0590716194549259,-0.0044083298100691
"13913","Niemann, Ben","LB",63,-0.172039095735614,-0.0027307792973907
"13916","Howell, Buddy","RB",2.12,-0.14458248420104,-0.0681992850004905
"13919","Firkser, Anthony","TE",41.5,-0.0665180645325583,-0.00160284492849538
"13923","Adeniyi, Ola","LB",29,-0.252730481232007,-0.00871484418041403
"13926","Board, Chris","LB",37,-0.34572836780785,-0.00934400994075271
"13929","Obada, Efe","DE",20,-0.0539847847311234,-0.00269923923655617
"13930","Turner, Zeke","LB",4,-0.117279863020313,-0.0293199657550782
"13933","Ford, Poona","DT",48,-0.159648340368608,-0.00332600709101266
"13940","Mundt, Johnny","TE",1.9,-0.113744334568842,-0.0598654392467592
"13941","Stallworth, Taylor","DT",36,-0.244322952781737,-0.0067867486883816
"13952","Luvu, Frankie","LB",46,-0.285832402160029,-0.00621374787304411
"13963","Hodge, KhaDarel","WR",15,-0.302472890676989,-0.0201648593784659
"13965","Tupou, Josh","DT",11,-0.425359019091345,-0.0386690017355768
"13980","Badgley, Mike","PK",69,0.0392363349065548,0.000568642534877605
"13987","Spillane, Robert","LB",27,-0.185153085610188,-0.00685752168926622
"13988","Dwelley, Ross","TE",15.1,-0.375262074025493,-0.0248517929818207
"13989","Lancaster, Tyler","DE",31,-0.174778632880691,-0.00563802041550616
"13994","Brown, Pharaoh","TE",31.7,-0.107897179136619,-0.00340369650273245
"14011","Igwebuike, Godwin","RB",41.88,-0.244571287219685,-0.00583981106064195
"14017","Wilson, Jeffery","RB",11.3,-0.0610148806161215,-0.00539954695717889
"14056","Murray, Kyler","QB",215.56,0.305667718230826,0.00141801687804243
"14057","Lock, Drew","QB",3.56,-0.177690375451842,-0.0499130268123152
"14059","Jones, Daniel","QB",177.52,0.0675798120312994,0.000380688440915386
"14060","Jackson, Tyree","TE",0,-0.106872747071321,-Inf
"14067","Minshew, Gardner","QB",19.22,-0.0700903242848234,-0.00364673903667135
"14070","Blough, David","QB",0.6,-0.177309929332282,-0.295516548887136
"14071","Montgomery, David","RB",116,0.218020791728156,0.00187948958386341
"14072","Snell, Benny","RB",7.3,-0.482395092814841,-0.0660815195636768
"14073","Jacobs, Josh","RB",151.8,0.370323348777519,0.00243954775215757
"14075","Harris, Damien","RB",148.8,0.50144665320412,0.00336993718551156
"14076","Williams, Trayveon","RB",1.3,-0.0901673136382124,-0.0693594720293941
"14079","Sanders, Miles","RB",95.8,0.128724208787756,0.00134367650091603
"14080","Singletary, Devin","RB",99.3,0.147771528533903,0.00148813221081474
"14081","Gaskin, Myles","RB",161.17,1.00257890439726,0.00622062979709167
"14083","Homer, Travis","RB",57.72,-0.0671886015790877,-0.00116404368640138
"14085","Pollard, Tony","RB",149.77,0.507740314549679,0.00339013363523856
"14087","Henderson, Darrell","RB",157,0.393098590955527,0.0025038126812454
"14095","Johnson, Ty","RB",92.91,0.104931803325276,0.00112939192040982
"14096","Ozigbo, Devine","RB",1.4,-0.0896939934969483,-0.0640671382121059
"14097","Ollison, Qadree","RB",7.9,-0.0583684242177993,-0.00738840812883536
"14098","Crockett, Damarea","RB",0.7,-0.209358306091518,-0.299083294416455
"14101","Harry, N'Keal","WR",18.7,-0.158750628179729,-0.00848933840533311
"14102","Metcalf, DK","WR",171,0.629350080115599,0.00368040982523742
"14104","Brown, A.J.","WR",128.5,0.253380865777972,0.00197183553134609
"14105","Brown, Marquise","WR",184,0.557492527292691,0.0030298506918081
"14107","Arcega-Whiteside, JJ","WR",5.6,-0.523630146732391,-0.0935053833450699
"14108","Dortch, Greg","WR",1.2,-0.0856488809009104,-0.0713740674174253
"14109","McLaurin, Terry","WR",173,0.63805208914143,0.00368816236497937
"14110","Sills, David","WR",0,-0.0861506031820207,-Inf
"14112","Campbell, Parris","WR",32.2,-0.00875392838575539,-0.000271861129992404
"14113","Hardman, Mecole","WR",98.95,0.112793358359848,0.00113990256048356
"14117","Johnson, Tyron","WR",3.6,-0.112085255918073,-0.0311347933105758
"14118","Humphrey, Lil'Jordan","WR",31.7,-0.032748024501231,-0.00103306070981801
"14121","Isabella, Andy","WR",0,-0.111995784136627,-Inf
"14122","Slayton, Darius","WR",52.7,-0.0333895374399553,-0.000633577560530461
"14123","Renfrow, Hunter","WR",183.9,0.721053751924377,0.00392090131552136
"14125","Boykin, Miles","WR",1.6,-0.118959096247231,-0.0743494351545193
"14126","Williams, Preston","WR",13.8,-0.11483978349596,-0.0083217234417362
"14127","Meyers, Jakobi","WR",133.15,0.570398308548145,0.00428387764587417
"14130","Wesley, Antoine","WR",19.3,-0.2020369566014,-0.0104682360933368
"14131","Morgan, Stanley","WR",1.3,-0.55165075940582,-0.424346738004477
"14136","Samuel, Deebo","WR",237.15,0.827923293465071,0.00349113764901991
"14137","Fant, Noah","TE",109.4,0.242666307080005,0.00221815637184648
"14138","Hockenson, T.J.","TE",145.3,0.552351690661079,0.00380145692127377
"14142","Smith, Kaden","TE",6.3,-0.169201046459158,-0.0268573089617712
"14143","Knox, Dawson","TE",119.9,0.271460614187016,0.00226405850030873
"14146","Sample, Drew","TE",10.8,-0.405986751344998,-0.0375913658652776
"14147","Bosa, Nick","DE",130,0.435489166559199,0.00334991666583999
"14148","Sweat, Montez","DE",52,-0.00126708917613705,-2.43670995410971e-05
"14149","Gary, Rashan","LB",84,0.0222833839281078,0.000265278380096521
"14150","Bryant, Austin","DE",50,-0.0354451973173457,-0.000708903946346915
"14151","Ferrell, Clelin","DE",11,-0.278807718250259,-0.025346156204569
"14152","Jackson, Joe","DE",18,-0.174619144781961,-0.00970106359899785
"14153","Allen, Zach","DE",72,0.0599458955118077,0.000832581882108441
"14154","Nelson, Anthony","LB",22,-0.44333247366314,-0.0201514760755973
"14155","Collier, L.J.","DE",5,-0.108091320912971,-0.0216182641825942
"14157","Williams, Quinnen","DT",104,0.244674941413726,0.00235264366743968
"14158","Oliver, Ed","DT",53,-0.123304649788087,-0.00232650282619031
"14159","Lawrence, Dexter","DT",70,0.000411088636840695,5.87269481200993e-06
"14160","Buggs, Isaiah","DT",24,-0.148971237961816,-0.00620713491507567
"14161","Tillery, Jerry","DT",59,-0.0268535913955512,-0.000455145616873749
"14162","Wilkins, Christian","DT",113,0.497521148781923,0.00440284202461879
"14163","Simmons, Jeffery","DT",117,0.33837134274474,0.00289206275850205
"14164","Jones, Dre'Mont","DE",56,-0.100538580584217,-0.00179533179614674
"14167","Allen, Josh","DE",131,0.430378359992759,0.00328533099231114
"14168","White, Devin","LB",183,0.665617820135032,0.00363725584773242
"14169","Wilson, Mack","LB",53,-0.23346717249635,-0.00440504099049717
"14170","Bush, Devin","LB",102,0.111280411899142,0.00109098443038375
"14171","Burns, Brian","DE",114,0.318654240462618,0.002795212635637
"14176","Winovich, Chase","LB",5,-0.21862084399412,-0.0437241687988241
"14195","Warring, Kahale","TE",0,-0.0739888248955305,-Inf
"14200","Tavai, Jahlani","LB",8,-0.208097110710978,-0.0260121388388722
"14204","Banogu, Ben","DE",3,-0.157088288085117,-0.0523627626950391
"14206","Hill, Trysten","DT",13,-0.0236037188492224,-0.00181567068070942
"14208","Johnson, Diontae","WR",206,0.674844577732823,0.00327594455210108
"14209","Oliver, Josh","TE",12.9,-0.256054503292783,-0.0198491863017661
"14210","Pratt, Germaine","LB",113.06,0.184314531340377,0.0016302364349936
"14212","Takitaki, Sione","LB",47,-0.167943326515518,-0.00357326226628762
"14215","Saunders, Khalen","DT",10,-0.108819372286518,-0.0108819372286518
"14216","Ferguson, Jaylon","LB",3,-0.120596412122114,-0.0401988040407047
"14217","Barton, Cody","LB",9,-0.350057634031967,-0.0388952926702186
"14218","Okereke, Bobby","LB",191,1.25985910862886,0.00659612098758567
"14220","Ximines, Oshane","DE",22,-0.117687718637047,-0.0053494417562294
"14221","Williams, Quincy","LB",141,0.317643586883217,0.00225279139633487
"14223","Mattison, Alexander","RB",100.34,0.167038509787533,0.00166472503276393
"14225","Crosby, Maxx","DE",80,0.0694000990305712,0.00086750123788214
"14231","Wesco, Trevon","TE",3.6,-0.225569053382887,-0.0626580703841352
"14235","Tranquill, Drue","LB",92,0.0835173751955418,0.000907797556473281
"14237","Gaines, Greg","DE",68,-0.0151717390239128,-0.000223113809175188
"14238","Cominsky, John","DE",0,-0.0838792847561098,-Inf
"14239","Moreau, Foster","TE",48.9,-0.135398436186695,-0.00276888417559704
"14240","Gentry, Zach","TE",17,-0.363471295590879,-0.0213806644465223
"14242","Connelly, Ryan","LB",0,-0.392678889363438,-Inf
"14244","Gay, Matt","PK",118,0.286012135361674,0.00242383165560741
"14247","Greenlaw, Dre","LB",26,0.0823993910183889,0.00316920734686111
"14248","Keke, Kingsley","DE",47,-0.0489592678994937,-0.00104168655105306
"14249","Van Ginkel, Andrew","LB",99,0.0494078364477479,0.000499069055027757
"14250","Hollins, Justin","LB",33,0.0585768778563169,0.00177505690473688
"14251","Cashman, Blake","LB",4,-0.0882211302105596,-0.0220552825526399
"14254","Omenihu, Charles","DE",21,-0.161796863769966,-0.00770461256047455
"14257","Speed, E.J.","LB",23,-0.901618199845857,-0.039200791297646
"14258","Seibert, Austin","PK",45.65,0.0231456557696976,0.000507024222775413
"14260","Holcomb, Cole","LB",192,0.742101847492344,0.00386511378902262
"14261","Smith, Sutton","RB",0,-0.0962488481627535,-Inf
"14267","Winfree, Juwann","WR",7,-0.067773324854552,-0.00968190355065029
"14268","Long, David","LB",122,0.227002191139989,0.00186067369786876
"14269","Watts, Armon","DT",70,0.00094660281082426,1.35228972974894e-05
"14275","Egbule, Emeke","LB",0,-0.0906182052377167,-Inf
"14279","Gilbert, Ulysees","LB",6,-0.549501494664744,-0.091583582444124
"14280","Miller, Scott","WR",4.67,-0.108346791946178,-0.0232005978471473
"14284","Thompson, Darwin","RB",0,-0.0814413330607913,-Inf
"14287","Gillaspia, Cullen","RB",0,-0.264684332447572,-Inf
"14291","Johnson, Darryl","DE",0,-0.0838792847561098,-Inf
"14292","Summers, Ty","LB",11,-0.517433180197028,-0.0470393800179117
"14294","Sweeney, Tommy","TE",19.4,-0.346138357680948,-0.0178421833856159
"14303","Elliss, Kaden","LB",25,-0.273939132007853,-0.0109575652803141
"14306","Dogbe, Michael","DE",38,-0.137334196957161,-0.00361405781466213
"14307","Allen, Dakota","LB",9,-0.259063770643075,-0.0287848634047861
"14312","Blewitt, Chris","PK",10.2,-0.0212530558345758,-0.00208363292495841
"14315","Dulin, Ashton","WR",52.48,-0.471682672628264,-0.00898785580465442
"14316","Hart, Penny","WR",8.7,-0.503589054590032,-0.0578837993781646
"14319","Beck, Andrew","TE",0,-0.240463680910473,-Inf
"14321","Thompson, Cody","WR",0,-0.0933298201138557,-Inf
"14322","Edwards, T.J.","LB",153,0.761583166069443,0.00497766775208786
"14331","Johnson, D'Ernest","RB",65.18,-0.0760430371359391,-0.00116666212236789
"14335","Fry, Elliott","PK",0,-0.0868344610766512,-Inf
"14337","Guyton, Jalen","WR",57.16,-0.175477743585061,-0.0030699395308793
"14339","Grayson, Cyril","WR",12,-0.0108605580380354,-0.000905046503169619
"14341","Parham, Donald","TE",55.7,-0.0884307037124055,-0.00158762484223349
"14342","Blake, Christian","WR",5,-0.260547672496725,-0.052109534499345
"14351","McElroy, Codey","WR",0,-0.0933298201138557,-Inf
"14357","Blanton, Kendall","TE",2.8,-0.110698928718146,-0.0395353316850522
"14359","Johnson, Jakob","RB",6.4,-0.980862510331035,-0.153259767239224
"14363","Rader, Kevin","TE",1.1,-0.0726797872758889,-0.0660725338871717
"14367","Helm, Daniel","TE",0,-0.106872747071321,-Inf
"14368","Walter, Austin","RB",12.9,-0.00117996326490211,-9.1470020535047e-05
"14370","Hudson, Tanner","TE",0,-0.0801545603034919,-Inf
"14372","Holtz, J.P.","TE",0,-0.192370944728379,-Inf
"14379","Woods, Josh","LB",14,-0.322535276272116,-0.0230382340194368
"14384","Reed, Malik","LB",86,0.0351178604031706,0.000408347213990355
"14387","Santoso, Ryan","PK",14.1,-0.0526432774217831,-0.00373356577459455
"14401","Eguavoen, Sam","LB",19,-0.948609909239226,-0.0499268373283803
"14405","Granderson, Carl","DE",33,-0.163259788530913,-0.00494726631911859
"14412","Singleton, Alex","LB",168,0.971840599542225,0.00578476547346563
"14420","Ingold, Alec","RB",24.6,-0.124495338991635,-0.00506078613787135
"14421","Harris, Trent","DE",3,-0.0879166986064526,-0.0293055662021509
"14426","Wright, Matthew","PK",46.4,-0.0482543327139142,-0.00103996406711022
"14467","Phillips, Del'Shawn","LB",33,-0.367084485856856,-0.0111237722986926
"14472","Dodson, Tyrel","LB",18,-0.470966915678678,-0.0261648286488154
"14478","Vaughters, James","LB",17,-0.140140006366507,-0.00824352978626512
"14494","Dowell, Andrew","LB",3,-0.378797153581357,-0.126265717860452
"14495","Gifford, Luke","LB",7,-0.359924041238252,-0.0514177201768932
"14499","Benson, Trinity","WR",15.2,-0.111284429415575,-0.00732134404049839
"14503","Kennedy, Tom","WR",5.17,-0.169588219501755,-0.0328023635399912
"14506","Pittman, Anthony","LB",0,-0.589018334045156,-Inf
"14519","Kunaszyk, Jordan","LB",0,-0.196339444681719,-Inf
"14531","Huggins, Albert","DT",11,-0.0701015168885748,-0.00637286517168862
"14533","Taylor, Malik","WR",4.71,-0.171402378455679,-0.0363911631540719
"14535","Bledsoe, Amani","DE",4,-0.0967207383869519,-0.024180184596738
"14543","Harris, Darius","LB",0,-0.147254583511289,-Inf
"14549","Webster, Nsimba","WR",0.65,-0.109520531551365,-0.168493125463638
"14551","Irwin, Trenton","WR",5.05,-0.123623031795041,-0.0244798082762457
"14552","Blasingame, Khari","RB",-0.4,-0.152489845389312,0.381224613473281
"14553","Davis, Davion","WR",0,-0.0861506031820207,-Inf
"14555","Olszewski, Gunner","WR",27.38,-0.381091659153521,-0.0139186142861038
"14558","Harris, Deonte","WR",130.78,0.282875850336221,0.00216299013867733
"14559","Gustin, Porter","LB",3,-0.079082335640499,-0.026360778546833
"14561","Smith, Jeff","WR",15.7,-0.168806190254721,-0.0107519866404281
"14565","Spencer, Diontae","WR",16.44,-0.296439433048656,-0.0180315956842248
"14590","Al-Shaair, Azeez","LB",157,0.396263331767825,0.0025239702660371
"14592","Zaccheaus, Olamide","WR",69.11,-0.0917937794609331,-0.00132822716627019
"14595","Strong, Kevin","DT",6,-0.0408103800545758,-0.00680173000909597
"14600","Slye, Joey","PK",71.6,0.0490882602339751,0.000685590226731495
"14612","Laird, Patrick","RB",5.1,-0.115874763739691,-0.0227205419097433
"14613","Sims, Steven","WR",0,-0.0861506031820207,-Inf
"14650","Vizcaino, Tristan","PK",23.6,-0.0563571467569268,-0.00238801469309012
"14652","Givens, Kevin","DT",16,-0.110765052776251,-0.00692281579851567
"14653","Mack, Isaiah","DE",0,-0.0774270320825625,-Inf
"14665","Dillon, Brandon","TE",0,-0.0739888248955305,-Inf
"14670","Ekuale, Daniel","DT",13,-0.0235562318593239,-0.00181201783533261
"14672","Reeder, Troy","LB",109,0.151089164987564,0.00138613912832627
"14675","Tuttle, Shy","DT",52,-0.130704793126567,-0.00251355371397244
"14676","Phillips, Kyle","DE",11,-0.0342260624434996,-0.00311146022213632
"14680","Mone, Bryan","DT",53,-0.0588923270486568,-0.00111117598205013
"14681","Harris, Demone","DE",0,-0.0838792847561098,-Inf
"14716","Harris, Jonathan","DE",2,-0.0512607298535732,-0.0256303649267866
"14717","McLaughlin, Chase","PK",78.5,-0.00119370289375542,-1.5206406289878e-05
"14728","Roberson, Derick","LB",14,-0.0393501270897287,-0.00281072336355205
"14738","Rush, Anthony","DT",17,-0.0840477513172635,-0.00494398537160374
"14746","Tuioti-Mariner, Jacob","DE",24,-0.03955924019498,-0.00164830167479083
"14752","Horsted, Jesper","TE",7.2,-0.0949825374771631,-0.0131920190940504
"14777","Burrow, Joe","QB",222.3,0.303329082155582,0.00136450329354738
"14778","Tagovailoa, Tua","QB",146.7,0.0476931084228127,0.000325106396883522
"14779","Herbert, Justin","QB",282.78,0.720432608953513,0.00254767879253665
"14780","Eason, Jacob","QB",0,-0.18375764407268,-Inf
"14782","Love, Jordan","QB",14.22,-0.183777869356798,-0.0129239007986497
"14783","Hurts, Jalen","QB",263.9,0.603111388866179,0.00228537851029245
"14789","Huntley, Tyler","QB",14.32,-0.15098331990104,-0.0105435279260503
"14797","Swift, D'Andre","RB",189.4,0.611181045400742,0.00322693265787087
"14798","Moss, Zack","RB",95.4,0.129095705356145,0.0013532044586598
"14799","Akers, Cam","RB",0,-0.0814413330607913,-Inf
"14801","Benjamin, Eno","RB",22.96,-0.0552721193266263,-0.00240732227032345
"14802","Taylor, Jonathan","RB",310.4,2.86169035511653,0.00921936325746304
"14803","Edwards-Helaire, Clyde","RB",81.3,0.124809071576902,0.00153516693206521
"14804","McFarland, Anthony","RB",4.59,-0.0579782377931526,-0.0126314243558067
"14805","Dillon, AJ","RB",130.4,0.37348393313178,0.00286414059150138
"14806","Perine, Lamical","RB",0.3,-0.0948574444499997,-0.316191481499999
"14807","Kelley, Joshua","RB",9,-0.103085046259316,-0.0114538940288129
"14808","Evans, Darrynton","RB",4.31,-0.0598392757391197,-0.01388382267729
"14809","Smith, Rodney","RB",9.8,-0.0214132432575456,-0.00218502482219853
"14810","Vaughn, Ke'Shawn","RB",3.55,-0.139976042938353,-0.0394298712502403
"14811","Ahmed, Salvon","RB",38.6,-0.275208871111261,-0.00712976350029172
"14813","Robinson, James","RB",156.7,0.441491015960956,0.00281742830862129
"14815","Dallas, DeeJay","RB",54.18,-0.164383643406347,-0.00303402811750363
"14817","Taylor, Patrick","RB",1.8,-0.098947729129276,-0.0549709606273755
"14821","Hasty, JaMycal","RB",33.59,-0.0196117848612438,-0.000583857840465728
"14824","Phillips, Scottie","RB",4.2,-0.0893370883397715,-0.0212707353189932
"14826","Pierce, Artavis","RB",0.81,-0.0718624846086877,-0.088719116800849
"14827","Taylor, J.J.","RB",20.25,-0.0434913079780452,-0.00214771891249606
"14828","Jones, Tony","RB",15.6,-0.0809910321259588,-0.0051917328285871
"14832","Lamb, CeeDee","WR",186.6,0.56979078850296,0.00305354120312412
"14833","Jeudy, Jerry","WR",61.3,0.0695760782051673,0.00113500943238446
"14834","Ruggs, Henry","WR",86.6,0.132865643960969,0.00153424531132758
"14835","Higgins, Tee","WR",146.8,0.331858787939008,0.00226061844645101
"14836","Jefferson, Justin","WR",242.7,1.12667815311787,0.00464226680312268
"14837","Hamler, KJ","WR",12.4,-0.0421970454584688,-0.00340298753697329
"14838","Shenault, Laviska","WR",97.2,0.099684619041029,0.00102556192429042
"14839","Reagor, Jalen","WR",76.35,-0.165602722453488,-0.00216899440017666
"14840","Aiyuk, Brandon","WR",112.1,0.21263124397165,0.00189679967860526
"14841","Claypool, Chase","WR",116.4,0.201144011786167,0.00172804133836913
"14842","Pittman, Michael","WR",189.3,1.30748457724058,0.00690694441225874
"14844","Edwards, Bryan","WR",84.6,0.017779599426734,0.000210160749724988
"14845","Davis, Gabriel","WR",71.2,-0.0763513506895945,-0.00107235043103363
"14846","Mims, Denzel","WR",21.3,-0.0915514790057541,-0.00429819150261756
"14847","Duvernay, Devin","WR",100.16,0.117855488894286,0.00117667221340142
"14848","Proche, James","WR",19.8,-0.276073178695112,-0.0139430898330865
"14850","Cephus, Quintez","WR",49.4,0.0565498420968984,0.0011447336456862
"14851","Hill, K.J.","WR",9.55,-0.108677899905938,-0.0113798848069045
"14852","Gibson, Antonio","RB",173.6,0.680086558571791,0.00391754930052875
"14853","Johnson, Collin","WR",18.9,-0.204357205911267,-0.0108125505773157
"14857","Peoples-Jones, Donovan","WR",69,0.0297693031939641,0.000431439176724117
"14858","Jefferson, Van","WR",131.1,0.344575871285396,0.00262834379317617
"14860","Jennings, Jauan","WR",27,-0.241513765356516,-0.00894495427246357
"14861","Johnson, Juwan","TE",41.5,-0.0647636529438032,-0.00156056995045309
"14863","Gandy-Golden, Antonio","WR",0,-0.111995784136627,-Inf
"14864","Johnson, Tyler","WR",43.3,-0.270468643153774,-0.00624638898738508
"14865","Swain, Freddie","WR",68,-0.0964090887840579,-0.00141778071741262
"14867","Kmet, Cole","TE",80.2,0.084899063243296,0.00105859181101367
"14868","Hopkins, Brycen","TE",0,-0.0801545603034919,-Inf
"14870","Trautman, Adam","TE",54.1,-0.0118500534857491,-0.000219039805651554
"14871","Parkinson, Colby","TE",2.7,-0.182567665849342,-0.067617654018275
"14872","Pinkney, Jared","TE",0,-0.0739888248955305,-Inf
"14873","Okwuegbunam, Albert","TE",50.6,-0.00328955815002008,-6.50110306328079e-05
"14875","Bryant, Harrison","TE",37.1,-0.22234362088409,-0.00599308951170055
"14876","Deguara, Josiah","TE",28.3,-0.177053403958763,-0.00625630402681142
"14877","Young, Chase","DE",57,-0.00569893352855111,-9.99812899745809e-05
"14878","Gross-Matos, Yetur","DE",30,-0.122975729598465,-0.00409919098661552
"14879","Epenesa, A.J.","DE",19,-0.237028527675562,-0.0124751856671349
"14880","Kareem, Khalid","DE",2,-0.0921863519544193,-0.0460931759772096
"14882","Greenard, Jonathan","DE",92,0.152386037212834,0.00165636996970471
"14883","Davidson, Marlon","DT",49,-0.0137406098255592,-0.000280420608684883
"14885","Zuniga, Jabari","DE",11,-0.0336523762554339,-0.00305930693231218
"14886","Anae, Bradlee","DE",4,-0.0836470452584868,-0.0209117613146217
"14887","Simmons, Isaiah","LB",152,0.453312249940177,0.00298231743381696
"14888","Chaisson, K'Lavon","DE",43,-0.195062348592334,-0.00453633368819381
"14889","Murray, Kenneth","LB",39,-0.0389266093042613,-0.000998118187288751
"14891","Harrison, Malik","LB",29,-0.134587049810871,-0.00464093275209899
"14892","Brooks, Jordyn","LB",206,0.844312983637812,0.00409860671668841
"14893","Baun, Zack","LB",25,-0.421606137581205,-0.0168642455032482
"14896","Queen, Patrick","LB",131,0.307569754177658,0.00234786071891342
"14897","Brown, Derrick","DT",66,-0.0291813083615562,-0.000442141035781154
"14898","Davis, Raekwon","DT",29,-0.1272724849787,-0.00438870637857587
"14899","Kinlaw, Javon","DT",11,-0.0534002869427201,-0.00485457154024729
"14900","Madubuike, Justin","DT",48,-0.0851671968842034,-0.00177431660175424
"14912","Blankenship, Rodrigo","PK",44.95,0.0472826312834069,0.00105189391064309
"14914","Hajrullahu, Lirim","PK",5,-0.0209566765205498,-0.00419133530410996
"14917","Patrick, Jacques","RB",1.2,-0.0805157561284684,-0.0670964634403903
"14922","Blacklock, Ross","DT",38,-0.0557315331696238,-0.00146661929393747
"14923","Taylor, Darrell","DE",61,-0.0161242397068024,-0.000264331798472171
"14925","Uche, Josh","LB",33,-0.118536552812983,-0.00359201675190857
"14926","Gay, Willie","LB",66,0.0283436256767589,0.000429448873890286
"14928","Wilson, Logan","LB",171,0.589523638469543,0.00344750665771662
"14929","Okwara, Julian","DE",57,-0.0369885723924757,-0.000648922322675012
"14930","Hamilton, Davon","DT",43,-0.110750959088923,-0.0025756036997424
"14932","Lewis, Terrell","LB",54,-0.131861921323558,-0.00244188743191773
"14934","Elliott, Jordan","DT",28,-0.303334576023481,-0.0108333777151243
"14936","Asiasi, Devin","TE",0,-0.0739888248955305,-Inf
"14937","Agim, McTelvin","DT",14,-0.0756539231068132,-0.00540385165048666
"14938","Muse, Tanner","LB",0,-0.0981697223408595,-Inf
"14940","Highsmith, Alex","LB",94,0.0708556408033116,0.000753783412801188
"14941","Taylor, Davion","LB",69,0.0134399093199313,0.000194781294491758
"14943","Davis-Gaither, Akeem","LB",54,-0.0418631735278838,-0.000775243954220071
"14946","Fotu, Leki","DT",18,-0.375126381912215,-0.0208403545506786
"14947","Wonnum, D.J.","DE",55,-0.108237954530279,-0.00196796280964143
"14948","Walker, Mykal","LB",32,-0.372453323809078,-0.0116391663690337
"14951","Lynch, James","DT",36,-0.0384820230343825,-0.0010689450842884
"14952","Lawrence, Rashard","DT",7,-0.10092810986041,-0.01441830140863
"14953","Dye, Troy","LB",6,-0.549501494664744,-0.091583582444124
"14958","Quarterman, Shaquille","LB",22,-0.444937356739596,-0.0202244253063453
"14960","Robinson, Alton","DE",36,-0.24511612860109,-0.00680878135003028
"14962","Gipson, Trevis","DE",70,0.0309289028695003,0.000441841469564291
"14966","Hudson, Khaleke","LB",5,-0.556742699217557,-0.111348539843511
"14968","Weaver, Curtis","DE",0,-0.0774270320825625,-Inf
"14969","Hightower, John","WR",0,-0.0861506031820207,-Inf
"14971","Washington, Broderick","DT",9,-0.167232265208961,-0.0185813628009956
"14972","Coulter, Isaiah","WR",0,-0.0933298201138557,-Inf
"14974","Mooney, Darnell","WR",150.1,0.480198349381378,0.00319918953618506
"14975","Murchison, Larrell","DE",11,-0.159723374846932,-0.0145203068042665
"14976","Martin, Kamal","LB",0,-0.117803666809031,-Inf
"14977","Osborn, K.J.","WR",95.55,0.0971865633593119,0.00101712782165685
"14978","Danna, Michael","DE",52,-0.129436996452792,-0.00248917300870755
"14979","Strnad, Justin","LB",49,-0.155780578578045,-0.00317919548118459
"14980","Brown, Cam","LB",0,-0.196339444681719,-Inf
"14981","Roy, Bravvion","DT",30,-0.288826404607756,-0.00962754682025852
"14983","Bass, Tyler","PK",103.3,0.179726638204768,0.00173985128949436
"14984","Woerner, Charlie","TE",10.2,-0.410715931668771,-0.0402662678106638
"14987","Davis, Khalil","DT",0,-0.0774270320825625,-Inf
"14988","Bradley, Shaun","LB",13,-1.01908641397902,-0.0783912626137706
"14989","Penisini, John","DT",12,-0.273526704849971,-0.0227938920708309
"14992","Watkins, Quez","WR",86.54,-0.0454968787384828,-0.000525732363513784
"14996","Davis, Tyler","TE",1.4,-0.187287595042791,-0.133776853601993
"14998","Patmon, Dezmon","WR",1.7,-0.118611639507727,-0.0697715526516043
"14999","Glasgow, Jordan","LB",0,-0.196339444681719,-Inf
"15000","Bailey, Markus","LB",17,-0.478017020131306,-0.028118648243018
"15002","Coughlin, Carter","LB",4,-0.155789125961117,-0.0389472814902792
"15005","Willekes, Kenny","DE",16,-0.00759383239669997,-0.000474614524793748
"15007","Smith-Williams, James","DE",37,-0.238090282631338,-0.00643487250354969
"15009","Davis, Carlos","DE",2,-0.0512607298535732,-0.0256303649267866
"15010","Toohill, Casey","LB",21,-0.451545932143971,-0.021502187244951
"15011","Johnston, Clay","LB",11,-0.197696380350459,-0.0179723982136781
"15012","Cornell, Jashon","DE",0,-0.0774270320825625,-Inf
"15018","Russell, Chapelle","LB",10,-0.523870356185729,-0.0523870356185729
"15019","Garvin, Jonathan","LB",28,-0.259595889781876,-0.00927128177792413
"15027","Cleveland, Tyrie","WR",0,-0.139994730170784,-Inf
"15028","Tuszka, Derrek","DE",12,-0.200517034170022,-0.0167097528475018
"15029","Crowder, Tae","LB",152,0.456099312213303,0.00300065336982436
"15034","Callaway, Marquez","WR",105,0.157879971944864,0.00150361878042727
"15035","Wolford, John","QB",-0.9,-0.220890731206242,0.245434145784713
"15039","Parker, Aaron","WR",0,-0.0861506031820207,-Inf
"15040","Williams, Ty'Son","RB",41.5,-0.0599318737235999,-0.00144414153550843
"15041","Cager, Lawrence","WR",0,-0.0861506031820207,-Inf
"15042","Ward, Jonathan","RB",2.1,-0.169709921674093,-0.0808142484162346
"15046","Merritt, Kirk","WR",2.3,-0.0587195759002341,-0.0255302503914061
"15049","Bachie, Joe","LB",29,-0.072409710171752,-0.00249688655764662
"15054","Ricci, Giovanni","TE",0,-0.320618241213965,-Inf
"15057","Chisena, Dan","WR",0,-0.159993977338038,-Inf
"15060","Streveler, Chris","QB",2.04,-0.1870525074997,-0.0916924056371076
"15062","Ray, Wyatt","LB",13,-0.332001554093856,-0.0255385810841428
"15070","Fortson, Jody","TE",21.7,-0.0443586020524105,-0.0020441752097885
"15076","Rozeboom, Christian","LB",0,-0.130892963121146,-Inf
"15081","Wharton, Tershawn","DT",34,-0.260282047861068,-0.00765535434885494
"15082","Barnes, Krys","LB",103,0.119547287758131,0.00116065327920515
"15088","Ellefson, Ben","TE",0,-0.0961854723641888,-Inf
"15089","Roach, Malcolm","DT",16,-0.0876901247324042,-0.00548063279577526
"15093","Copeland, Marquise","DT",13,-0.0444926000480077,-0.00342250769600059
"15095","Galeai, Tipa","LB",7,-0.0527178234431185,-0.00753111763473121
"15096","Nabers, Gabe","RB",4.9,-0.116429504514518,-0.0237611233703099
"15097","McKeon, Sean","TE",12.7,-0.0596381692721835,-0.00469591884032941
"15098","Bradwell, Darius","RB",0,-0.0814413330607913,-Inf
"15103","Gilliam, Reggie","TE",3.8,-0.301766413286257,-0.0794122140226991
"15109","Westbrook-Ikhine, Nick","WR",71.7,-0.0179962523167019,-0.000250993756160417
"15117","Flannigan-Fowles, Demetrius","LB",16,-0.485027032692364,-0.0303141895432728
"15121","Huff, Bryce","DE",22,-0.046988907009041,-0.00213585940950186
"15123","Thompson, Colin","TE",0,-0.192370944728379,-Inf
"15126","Bernard, Francis","LB",1,-0.127519573598036,-0.127519573598036
"15132","Vickers, Kendal","DT",0,-0.0774270320825625,-Inf
"15134","Lemonier, Jessie","DE",2,-0.0697058710487397,-0.0348529355243699
"15141","Gill, Cam","LB",16,-0.143495665940711,-0.00896847912129445
"15149","Harris, De'Michael","WR",0,-0.0933298201138557,-Inf
"15151","Welch, Kristian","LB",1,-0.582693228689326,-0.582693228689326
"15159","Mondeaux, Henry","DE",16,-0.183214998045035,-0.0114509373778147
"15172","Olonilua, Sewo","RB",0,-0.0814413330607913,-Inf
"15173","Tart, Teair","DT",25,-0.10624043023554,-0.00424961720942161
"15183","Hinton, Kendall","QB",35.4,-0.636838656270379,-0.0179897925500107
"15194","Christiansen, Cole","LB",0,-0.0981697223408595,-Inf
"15203","Lynch, Blake","LB",61,-0.172460711027951,-0.00282722477095002
"15206","Bradley, Ja'Marcus","WR",10.4,-0.0244706421979419,-0.00235294636518672
"15212","Gaziano, Joe","DE",14,-0.263005287815834,-0.0187860919868453
"15214","Dafney, Dominique","TE",1.8,-0.114089502457612,-0.0633830569208957
"15222","Ward, Tim","DE",12,-0.101723857253916,-0.00847698810449297
"15224","Cole, Matt","WR",0,-0.0861506031820207,-Inf
"15237","Lawrence, Trevor","QB",162.66,-0.120791801688913,-0.000742602985914872
"15238","Fields, Justin","QB",102.54,-0.19578475698254,-0.00190935007784806
"15239","Wilson, Zach","QB",93.06,-0.0914736271198429,-0.00098295322501443
"15240","Lance, Trey","QB",46.86,-0.101222457824791,-0.00216010366676891
"15241","Jones, Mac","QB",179.56,-0.191803031713841,-0.00106818351366586
"15243","Mond, Kellen","QB",0,-0.18375764407268,-Inf
"15244","Franks, Feleipe","QB",-0.4,-0.478960802891844,1.19740200722961
"15250","Ehlinger, Sam","QB",0.9,-0.21334419443549,-0.237049104928322
"15252","Mills, Davis","QB",79.14,-0.137235596998162,-0.00173408639118223
"15254","Harris, Najee","RB",215.6,0.982554823049751,0.0045573043740712
"15255","Gainwell, Kenneth","RB",104.15,0.187113009340152,0.00179657234124006
"15256","Williams, Javonte","RB",149.9,0.50593051878807,0.00337512020539072
"15257","Sermon, Trey","RB",28.3,-0.109458303310928,-0.00386778456929073
"15258","Carter, Michael","RB",128.8,0.269334160219329,0.00209110372841094
"15259","Stevenson, Rhamondre","RB",83.6,0.0950921249861114,0.00113746560988172
"15260","Patterson, Jaret","RB",13.5,-0.441584107223195,-0.0327099338683848
"15261","Hubbard, Chuba","RB",94.53,0.120081505366835,0.00127030049049863
"15262","Jefferson, Jermar","RB",24.8,-0.0270700221330031,-0.00109153315052432
"15263","Mitchell, Elijah","RB",135.5,0.291498437472406,0.00215127998134617
"15265","Hill, Kylin","RB",9.87,-0.144572785289748,-0.0146476986109167
"15266","Williams, Pooka","RB",1.56,-0.0628756349653701,-0.0403048942085706
"15269","Sargent, Mekhi","RB",0.9,-0.114574611406169,-0.127305123784632
"15270","Felton, Demetric","RB",48.8,-0.113396457904185,-0.00232369790787264
"15271","Herbert, Khalil","RB",69.85,-0.0506577799627559,-0.000725236649431008
"15272","Rountree, Larry","RB",19.11,-0.189315684033618,-0.00990662920113123
"15275","Evans, Chris","RB",33.8,-0.127880326361608,-0.0037834416083316
"15276","Brown, Spencer","RB",0,-0.0814413330607913,-Inf
"15277","Jackson, Deon","RB",9.1,-0.101840286033299,-0.0111912402234394
"15281","Chase, Ja'Marr","WR",199.3,0.823220098556243,0.00413055744383464
"15282","Smith, DeVonta","WR",145.1,0.734035514423976,0.00505882504771865
"15283","Moore, Rondale","WR",116.44,0.238647139283256,0.00204952884990773
"15284","Waddle, Jaylen","WR",205.94,1.52471638567853,0.00740369226803212
"15285","Wallace, Tylan","WR",0,-0.559978920683134,-Inf
"15287","St. Brown, Amon-Ra","WR",101,0.130900480023134,0.00129604435666469
"15288","Moore, Elijah","WR",138.2,0.323741720896001,0.00234255948549928
"15289","Toney, Kadarius","WR",75.56,0.0524285933327349,0.000693867037225183
"15290","Collins, Nico","WR",40.8,-0.0792064119337841,-0.00194133362582804
"15292","Brown, Dyami","WR",17.3,-0.211492530966463,-0.0122250017899689
"15293","Bateman, Rashod","WR",55.1,0.0234429651427908,0.000425462162301103
"15296","Schwartz, Anthony","WR",29.75,-0.161204971347361,-0.00541865449907097
"15297","Rodgers, Amari","WR",14.63,-0.465136582263599,-0.0317933412346958
"15298","Smith, Shi","WR",5.22,-0.0914290332002485,-0.0175151404598177
"15301","Atwell, Tutu","WR",5.31,-0.169550065391996,-0.0319303324655359
"15302","Eskridge, D'Wayne","WR",21.52,-0.0470277830848476,-0.00218530590542972
"15303","Fehoko, Simi","WR",0,-0.124439760151808,-Inf
"15304","Darby, Frank","WR",2.4,-0.132236137153625,-0.0550983904806771
"15308","Marshall, Terrace","WR",27.6,-0.126667435728391,-0.00458939984523157
"15311","Stoner, Dillon","WR",0,-0.124439760151808,-Inf
"15313","McMath, Racey","WR",0,-0.111995784136627,-Inf
"15317","Stevenson, Marquez","WR",2.45,-0.056894748259622,-0.0232223462284172
"15319","Palmer, Josh","WR",38.4,-0.306495015684225,-0.00798164103344337
"15321","Darden, Jaelon","WR",22.11,-0.0674549653614021,-0.00305088038721855
"15326","Milne, Dax","WR",13.1,-0.178633569923552,-0.0136361503758437
"15329","Pitts, Kyle","TE",125.9,0.407512593737507,0.00323679581999608
"15330","Jordan, Brevin","TE",31.7,0.0124933301559809,0.000394111361387409
"15331","Freiermuth, Pat","TE",115.3,0.336766463801421,0.00292078459498197
"15332","Tremble, Tommy","TE",40.33,-0.199166956292587,-0.00493843184459676
"15333","McKitty, Tre'","TE",1.7,-0.11443427643644,-0.0673142802567295
"15334","Long, Hunter","TE",1.8,-0.100320919873856,-0.0557338443743645
"15335","Farrell, Luke","TE",10.9,-0.266424492265712,-0.0244426139693313
"15337","Gray, Noah","TE",11.8,-0.261118985835425,-0.0221287276131717
"15339","Yeboah, Kenny","TE",0,-0.106872747071321,-Inf
"15344","Bates, John","TE",23.6,-0.317014409851371,-0.013432813976753
"15345","Paye, Kwity","DE",59,-0.0268957458283268,-0.000455860098785199
"15346","Rousseau, Gregory","DE",92,0.157664816290684,0.00171374800315961
"15347","Weaver, Rashad","DE",2,-0.0697058710487397,-0.0348529355243699
"15348","Basham, Carlos","DE",25,-0.0162855731689966,-0.000651422926759864
"15349","Phillips, Jaelan","DE",92,0.213911766320291,0.00232512789478577
"15350","Parsons, Micah","LB",176,0.626430761514852,0.0035592656904253
"15351","Owusu-Koramoah, Jeremiah","LB",95,0.110258666729878,0.00116061754452504
"15352","Collins, Zaven","LB",38,-0.340744631502186,-0.00896696398689962
"15353","Surratt, Chazz","LB",0,-0.147254583511289,-Inf
"15355","Bolton, Nick","LB",133,0.321464737738514,0.00241702810329709
"15356","Browning, Baron","LB",53,-0.0765558532798849,-0.00144445006188462
"15357","Barmore, Christian","DT",53,-0.306632595107404,-0.00578552066240385
"15358","Togiai, Tommy","DT",3,-0.0625387219019098,-0.0208462406339699
"15359","Tufele, Jay","DT",1,-0.0863720744291427,-0.0863720744291427
"15367","Nasirildeen, Hamsah","LB",2,-0.228800783567646,-0.114400391783823
"15368","McPherson, Evan","PK",107.75,0.209462093168442,0.00194396374170248
"15369","Patterson, Riley","PK",16.1,0.0219149079063952,0.00136117440412392
"15373","Davis, Jamin","LB",89,0.00908672039632741,0.000102097981981207
"15374","Reyes, Sammis","TE",0,-0.160309120606983,-Inf
"15376","Turner, Payton","DE",25,-0.0159296814404399,-0.000637187257617597
"15378","Oweh, Jayson","LB",83,-0.0276297145893736,-0.000332888127582814
"15379","Tryon, Joe","LB",41,-0.318554958970514,-0.0077696331456223
"15382","Onwuzurike, Levi","DT",45,-0.100940191610667,-0.00224311536912594
"15385","Ojulari, Azeez","LB",89,0.00858664204360071,9.64791240854013e-05
"15386","Odeyingbo, Dayo","DE",12,-0.0829223199066904,-0.00691019332555753
"15387","Werner, Pete","LB",73,-0.0324682907718365,-0.000444771106463514
"15390","McNeill, Alim","DT",36,-0.246291282060768,-0.006841424501688
"15391","Williams, Milton","DT",34,-0.557766654860686,-0.0164049016135496
"15393","Odighizuwa, Osa","DT",52,-0.130577955606683,-0.00251111453089776
"15395","Koonce, Malcolm","DE",6,0.00208479198180722,0.000347465330301204
"15397","Golston, Chauncey","DE",43,-0.0664185612960013,-0.00154461770455817
"15398","Jones, Patrick","DE",5,-0.0928982588419753,-0.0185796517683951
"15399","Rice, Monty","LB",47,-0.102641403490106,-0.00218385964872567
"15404","Jones, Ernest","LB",71,-0.102412986307853,-0.00144243642687117
"15407","Fitzpatrick, Dez","WR",15.9,-0.0232673079803787,-0.00146335270316847
"15408","Sample, Cameron","DE",24,-0.210578295224614,-0.00877409563435894
"15409","Barnes, Derrick","LB",72,-0.10674431782744,-0.00148255996982555
"15410","Cox, Jabril","LB",2,-0.162040039272724,-0.081020019636362
"15411","Smith, Elerson","DE",0,-0.10065514170733,-Inf
"15412","Brown, Bobby","DT",1,-0.10807513978463,-0.10807513978463
"15413","Rumph, Chris","DE",18,-0.374448978492154,-0.0208027210273419
"15414","Nwangwu, Kene","RB",27.85,-0.0376127388901768,-0.00135054717738516
"15416","Shelvin, Tyler","DT",0,-0.0774270320825625,-Inf
"15419","Granson, Kylen","TE",20,-0.708049614051843,-0.0354024807025922
"15424","Johnson, Buddy","LB",0,-0.107094242553665,-Inf
"15425","Harris, Jacob","TE",0,-0.192370944728379,-Inf
"15427","Kaindoh, Joshua","DE",0,-0.0915046742793919,-Inf
"15428","Sherwood, Jamien","LB",20,-0.0608416339031876,-0.00304208169515938
"15429","Graham, Ta'Quon","DT",12,-0.125100973253074,-0.0104250811044229
"15431","Fields, Tony","LB",0,-0.196339444681719,-Inf
"15433","Loudermilk, Isaiahh","DE",24,-0.148855197808079,-0.00620229990866998
"15434","Smith-Marsette, Ihmir","WR",4.09,-0.0962911142308274,-0.0235430597141387
"15435","Nixon, Daviyon","DT",12,-0.102065551200737,-0.00850546260006143
"15443","Wallow, Garret","LB",6,-0.550305523228857,-0.0917175872048094
"15444","Hayes, Daelin","LB",0,-0.0906182052377167,-Inf
"15446","Slaton, Tedarrell","DT",29,-0.296497696399815,-0.0102240584965453
"15449","Britt, K.J.","LB",4,-0.563067804573387,-0.140766951143347
"15450","McGrone, Cameron","LB",0,-0.0906182052377167,-Inf
"15453","Ogundeji, Adetokunbo","DE",48,-0.159084597044383,-0.00331426243842464
"15456","Niemann, Nick","LB",8,-0.536739213320214,-0.0670924016650267
"15458","Tuipulotu, Marlon","DT",4,-0.0966935062623904,-0.0241733765655976
"15459","Jackson, Tarron","DE",23,-0.70346442974873,-0.0305854099890752
"15460","Bohanna, Quinton","DT",9,-0.289115655491982,-0.0321239617213314
"15461","Lopez, Roy","DT",38,-0.230989553876762,-0.00607867247044111
"15462","Brightwell, Gary","RB",2,-0.34355182015725,-0.171775910078625
"15466","Marshall, Jonathan","DT",0,-0.0838792847561098,-Inf
"15468","Dimukeje, Victor","LB",0,-0.235607333618062,-Inf
"15472","Roche, Quincy","LB",51,-0.0523185044020744,-0.00102585302749166
"15473","McDuffie, Isaiah","LB",0,-0.235607333618062,-Inf
"15478","Strachan, Mike","WR",4.6,-0.124868053458518,-0.0271452290127213
"15479","Hoskins, Phil","DT",8,0.0290258705203916,0.00362823381504895
"15480","Funk, Jake","RB",3.24,-0.121899576570295,-0.037623326101943
"15481","Johnson, Patrick","DE",12,-0.848540686321966,-0.0707117238601638
"15482","Hubert, Wyatt","DE",0,-0.0915046742793919,-Inf
"15484","Cooper, Jonathon","LB",42,-0.308154221457267,-0.00733700527279207
"15485","Bradley-King, William","DE",0,-0.0774270320825625,-Inf
"15488","Doaks, Gerrid","RB",0,-0.0814413330607913,-Inf
"15490","Toney, Shaka","DE",8,-0.0810859855895139,-0.0101357481986892
"15491","Skowronek, Ben","WR",16.4,-0.166459117295097,-0.0101499461765303
"15492","Tonga, Khyiris","DT",27,-0.194922372737115,-0.00721934713841167
"15494","Garrett, Chris","LB",0,-0.0906182052377167,-Inf
"15498","Stuard, Grant","LB",6,-0.550406267798786,-0.0917343779664643
"15502","Johnson, Josh","RB",0,-0.0814413330607913,-Inf
"15503","McCrary, Nate","RB",-0.1,-0.0826145110613377,0.826145110613377
"15506","Bushman, Matt","TE",0,-0.0801545603034919,-Inf
"15519","Hilliard, Justin","LB",0,-0.0981697223408595,-Inf
"15521","Ogbongbemiga, Amen","LB",21,-0.210035994702777,-0.0100017140334656
"15523","Ammendola, Matt","PK",52.45,-0.102908664201348,-0.00196203363586937
"15528","Wilkerson, Kristian","WR",0,-0.0861506031820207,-Inf
"15530","Etheridge, Dorian","LB",0,-0.147254583511289,-Inf
"15533","Gore, Derrick","RB",17.3,-0.074263640648681,-0.00429269599125323
"15535","Kinsey, Mason","WR",0,-0.0861506031820207,-Inf
"15537","Hodge, Darius","DE",0,-0.10065514170733,-Inf
"15538","Rhattigan, Jon","LB",3,-0.569712300921971,-0.189904100307324
"15539","Akers, Landen","WR",0,-0.0861506031820207,-Inf
"15541","Stoll, Jack","TE",4.5,-0.904986092259945,-0.20110802050221
"15542","Bowers, Nick","TE",0,-0.0801545603034919,-Inf
"15543","Griffith, Jonas","LB",3,-0.186686428120126,-0.0622288093733753
"15544","Hudson, Tommy","TE",6.1,-0.0846212922565934,-0.0138723429928842
"15561","Jones, Jamir","LB",6,-0.364915417799277,-0.0608192362998795
"15563","Wilcox, Mitchell","TE",0,-0.240463680910473,-Inf
"15564","Hesse, Parker","TE",3.2,-0.109325064717028,-0.0341640827240713
"15565","Hoecht, Michael","DT",8,-0.44637798507587,-0.0557972481344837
"15573","Kamara, Azur","LB",4,-0.22199423351723,-0.0554985583793075
"15578","Johnson, Raymond","DE",7,-0.174576294350327,-0.0249394706214753
"15580","Patrick, Aaron","DE",4,-0.129908899215499,-0.0324772248038747
"15586","Johnson, Caleb","LB",1,-0.165192941797803,-0.165192941797803
"15588","Carter, Tory","RB",1,-0.148105636552504,-0.148105636552504
"15589","White, Cody","WR",3.7,-0.26548740168468,-0.0717533518066704
"15593","Ralston, Nick","TE",0,-0.0961854723641888,-Inf
"15604","Zylstra, Shane","TE",0,-0.0739888248955305,-Inf
"15606","Johnson, Brian","PK",33,0.00120213239880496,3.64282545092411e-05
"15608","Hamilton, La'Darius","LB",5,-0.1134585004261,-0.02269170008522
"15612","Kamara, Sam","LB",7,-0.106872741162677,-0.015267534451811
"15615","Stanton, Johnny","RB",9.2,-0.0689779890383075,-0.00749760750416386
"15618","Jones, Naquan","DT",32,-0.0316176505753027,-0.000988051580478211
"15620","Myarick, Chris","TE",9.1,-0.0576234572565104,-0.00633224805016598
"15626","Wright, Brock","TE",14.2,-0.0702958072311386,-0.00495040895993934
"15629","Bronson, Josiah","DT",18,-0.0428455768000422,-0.00238030982222457
"15643","Ffrench, Maurice","WR",0,-0.0861506031820207,-Inf
"15650","Prentice, Adam","RB",2,-0.0752883589826414,-0.0376441794913207
"5848","Brady, Tom","QB",286.04,0.75545522535826,0.00264108245475549
"7401","Roethlisberger, Ben","QB",166.82,0.00691880424112323,4.1474668751488e-05
"7836","Rodgers, Aaron","QB",229.32,0.338324356499592,0.00147533732993019
"8062","Fitzpatrick, Ryan","QB",0.72,-0.176009853176039,-0.244458129411165
"8153","Gould, Robbie","PK",68.75,0.0592306865550789,0.000861537258982966
"8269","Lewis, Marcedes","TE",26.1,-0.300557817624743,-0.0115156251963503
"8658","Peterson, Adrian","RB",26.6,0.0014620538027037,5.49644286730714e-05
"8742","Crosby, Mason","PK",92.55,0.10081350370369,0.00108928691197936
"8851","Folk, Nick","PK",148.65,0.845876628406621,0.00569039104208961
"8930","Prater, Matt","PK",98.4,0.143107490413419,0.00145434441477052
"9051","Campbell, Calais","DE",71,0.0359495452027527,0.000506331622573982
"9064","Flacco, Joe","QB",24.82,-0.0353147371263329,-0.00142283388905451
"9073","Henne, Chad","QB",3.48,-0.178077415196435,-0.0511716710334582
"9075","Jackson, DeSean","WR",61.9,-0.063785736599371,-0.00103046424231617
"9099","Ryan, Matt","QB",180.06,0.00982731902959699,5.45780241563756e-05
"9200","Slater, Matt","WR",0,-1.11995784136627,-Inf
"9207","Johnson, Josh","QB",28.16,-0.078298075483521,-0.00278047143052276
"9308","Amendola, Danny","WR",36.95,-0.0379451010936247,-0.0010269310174188
"9431","Stafford, Matthew","QB",262.34,0.591599107342155,0.00225508541336493
"9474","Cook, Jared","TE",96,0.196925282628289,0.00205130502737801
"9686","Succop, Ryan","PK",87.85,0.0665357620771676,0.000757379192682614
"9694","Gano, Graham","PK",109.95,0.224051262181634,0.00203775590888253
"9714","Hoyer, Brian","QB",9.66,-0.203133277377538,-0.0210282895835961
"9815","Suh, Ndamukong","DT",58,-0.0858234272681964,-0.00147971426324476
"9819","McCoy, Gerald","DT",0,-0.0774270320825625,-Inf
"9825","Dunlap, Carlos","DE",46,-0.172411142619192,-0.00374806831780853
"9826","Graham, Brandon","DE",4,-0.0553283887100662,-0.0138320971775165
"9828","Griffen, Everson","DE",48,-0.0170703995487536,-0.000355633323932366
"9833","Pierre-Paul, Jason","DE",64,0.0241010671549455,0.000376579174296024
"9853","Hughes, Jerry","DE",30,-0.288663467922838,-0.00962211559742793
"9875","Alualu, Tyson","DT",7,-0.054879071642258,-0.00783986737746543
"9899","McCoy, Colt","QB",40.76,-0.161512486672058,-0.00396252420687091
"9902","Gronkowski, Rob","TE",112.6,0.254285464189401,0.00225830785248136
"9904","Joseph, Linval","DT",71,0.07140802377074,0.00100574681367239
"9918","Sanders, Emmanuel","WR",124.2,0.294598121560472,0.00237196555201669
"9919","Peters, Corey","DT",19,-0.128983547046597,-0.00678860773929459
"9921","Roberts, Andre","WR",30.63,-0.360657406282213,-0.0117746459772188
"9925","Graham, Jimmy","TE",30.9,-0.110215749518785,-0.00356685273523576
"9940","Woods, Al","DT",65,-0.0362806392436648,-0.000558163680671766
"9988","Brown, Antonio","WR",95.4,0.231303164319485,0.00242456147085414
